1,1550,1478,1481,1578,1479,1610,1540,1512,1476,1480,1582,2146,1445,1504,1541,
2,532,826,796,825,822,734,473,756,659,857,722,505,733,702,765,574,827,503,
3,818,892,502,699,793,922,730,658,528,691,505,700,891,602,852,860,600,951,763,731,667,
4,1001,1000,651,738,802,865,707,616,769,935,938,644,614,931,684,845,
5,1386,1578,1385,1549,1353,1579,1609,1355,1577,
6,808,802,1027,1001,1002,774,905,994,865,1063,937,906,773,
7,209,5,101,115,146,210,178,264,133,265,
8,2012,1970,2002,2138,1854,1971,1820,1938,2071,1810,1949,1874,2034,1789,1780,1751,1917,1980,2003,1787,
9,675,869,708,901,1024,994,
10,267,517,491,583,232,330,458,480,
11,1112,1278,1277,895,1016,925,1276,921,1208,1279,1242,924,1275,
12,799,506,507,798,479,793,831,505,829,760,
13,1419,1135,1483,1203,1521,1169,1354,1166,1451,1196,1492,1523,1290,1291,
14,1228,1292,1131,1164,1384,1322,1252,1156,1132,1094,1098,1324,1064,1350,1284,1261,1196,
15,1353,1317,1260,1440,1320,1314,2098,1319,1290,1325,1285,1409,1390,1550,1472,1649,
16,458,781,742,777,493,494,677,810,689,456,495,719,645,492,559,
17,312,408,311,443,124,477,478,248,474,153,447,91,376,61,
18,2056,2029,2087,2030,2256,2198,2182,
19,1439,1690,1791,1498,1406,1625,1725,
20,1241,1240,1239,1118,1276,1247,1215,1209,
21,1252,482,1508,1189,300,1320,1536,1258,133,1389,234,1453,1422,1391,1358,481,1353,1220,1475,235,321,1162,1576,1260,1541,332,1346,1385,1454,1543,384,1516,163,1225,165,196,1326,450,1514,418,268,1228,1421,352,
22,1051,959,1180,1147,
23,1578,1613,1357,1384,1511,1479,1324,1551,1487,1391,1323,1355,1352,
24,547,168,548,259,643,618,417,523,458,328,398,327,291,293,
25,2032,1129,1804,1998,1224,936,1878,1616,1680,2031,1650,1649,2030,1685,1251,1684,1716,1648,1285,1967,1933,896,
26,1384,1636,1603,1736,1423,1357,1600,1451,1517,1382,1647,1570,1455,1350,1701,1767,1741,1632,1668,1732,1615,1679,
27,1016,941,973,1110,788,1006,823,786,822,1140,1143,920,815,1039,1079,816,
28,40,359,102,300,329,262,334,165,71,237,363,424,78,77,110,324,42,103,197,303,392,362,
29,744,646,645,711,677,751,624,581,423,749,592,485,750,614,580,1510,1542,455,
30,1495,1071,1359,944,1820,1456,1023,1460,1852,1432,1213,1245,1493,1424,602,927,633,1459,1463,1391,1198,1783,849,1494,1370,1327,
31,1831,408,1765,406,1702,379,2026,1968,53,2023,1958,341,440,123,284,1676,1829,89,1641,1672,2056,252,1744,272,1678,176,2025,1705,405,1861,219,
32,263,281,209,11,271,58,313,265,299,337,199,121,185,89,241,230,12,327,10,349,306,210,314,166,72,
33,546,737,705,578,547,448,674,
34,1964,1932,1985,1920,2116,1867,2184,2115,1889,1796,1996,1800,1997,1900,1834,1888,2090,1952,2121,2017,
35,1158,676,931,
36,1116,1311,1278,1085,
37,1751,1787,1534,1496,1466,1758,1495,1752,1500,1685,1686,1621,1789,1590,1468,1790,
38,1538,1316,1382,1184,1568,1413,1317,1284,
39,1798,1864,2117,1765,1762,2085,1992,2082,1766,2144,1929,2055,2024,
40,529,551,714,464,496,424,615,688,519,689,593,582,399,561,465,455,719,362,680,
41,1627,1530,1562,1407,1595,1563,
42,1185,1186,1253,1605,1221,1604,1542,1416,1417,1384,1574,
43,1947,1876,1880,1906,2107,1846,2295,1905,2263,1875,1936,2225,1845,2043,2010,2011,1968,1945,
44,2241,1897,2210,2244,2048,1856,2088,2250,1857,1927,1959,1986,2213,1858,1995,1956,2017,
45,1123,1319,1318,1133,1101,1321,1035,1058,1187,1036,1317,1091,1323,1229,
46,504,207,561,362,176,410,493,565,235,409,526,299,492,182,377,148,179,215,441,564,282,
47,2155,2116,2139,1988,2186,1800,2018,2053,2062,1851,1788,1893,1830,1862,2083,1880,1924,2094,2152,2149,2141,2136,2085,1945,1935,2172,1861,2076,1999,1836,2153,2020,
48,1331,1243,1334,1304,1049,1302,1042,1303,1082,1179,1242,1073,
49,2037,1717,2034,1945,2007,2032,1946,1839,2033,1999,1715,1967,1934,1784,1719,1913,1966,1903,2001,2031,1714,1752,1968,
50,1133,1137,911,909,972,1134,1067,1166,1136,879,
51,28,18,90,19,
52,779,1835,981,2100,1942,915,2037,819,785,1132,2038,840,1910,1034,1804,777,2099,1930,2062,1777,2069,749,2006,2005,750,1995,1013,780,751,1780,1042,1813,1778,1867,1845,778,
53,1827,1860,1958,2022,2146,2176,1792,2053,1925,1828,2115,1797,2179,
54,501,311,316,507,310,405,444,
55,326,358,453,359,482,422,
56,1350,1346,1289,1162,1349,996,1345,1226,995,1031,1286,1161,1129,1194,1351,
57,1802,1831,1538,1417,1511,1863,1348,1483,1579,1697,1829,1828,1409,1352,1351,1698,1862,
58,1347,1548,1555,1511,1165,1379,1161,1285,1624,1654,1435,1476,1500,1589,1553,1305,1196,1197,1404,1517,1191,1585,1478,1542,1195,1193,1549,1445,1372,1623,1254,1457,1509,1625,
59,1692,1626,1655,1687,
60,343,400,312,89,333,403,405,272,277,307,90,247,44,152,367,
61,1659,1693,1689,1759,1973,2012,1660,1690,2011,2044,1691,1951,2039,1657,1943,2009,1846,2013,1909,
62,507,410,474,317,379,348,316,
63,723,944,410,699,1048,474,1079,411,816,696,666,473,924,
64,555,558,905,1999,648,688,942,876,1954,910,1001,2178,556,2191,2281,844,2189,2062,525,1895,1006,2222,1894,1923,1925,
65,1702,1481,1452,1804,1512,1519,1670,1775,1455,1744,1745,1703,1616,1776,1575,1734,1835,
66,1392,1370,1427,1099,945,1080,944,1131,
67,1365,1300,1606,1165,1204,1706,1547,1617,1068,1474,1413,1167,1394,1039,1540,1678,1574,1586,1332,1313,
68,534,592,407,208,395,176,502,557,439,406,330,244,341,209,206,
69,544,484,515,258,257,
70,1472,1413,1508,1507,1506,1504,1348,
71,1235,1372,1109,1116,1430,1149,1403,1365,1246,1432,1181,1233,1049,1398,1182,1139,1051,1107,1110,1309,
72,439,300,269,394,340,307,438,533,406,331,502,395,591,491,556,523,534,458,275,566,
73,1647,1392,1538,1423,1506,1474,1473,1678,1442,1552,1326,1409,1616,1738,1604,1583,1356,1378,
74,1203,1258,1136,1163,1298,1359,1138,
75,755,754,533,565,854,818,566,658,859,853,723,919,567,627,820,702,765,766,535,787,
76,962,1162,779,1038,776,912,782,976,994,876,932,839,1008,841,807,780,900,909,965,1194,1091,
77,1129,842,1156,1543,810,1441,649,678,906,1251,1189,710,1040,1123,1077,1109,1334,1155,939,1548,1428,1345,912,1458,1095,1126,1096,1188,645,1442,1124,1076,716,1185,1505,880,1101,1069,1032,1538,
78,2014,1748,1950,1685,2010,1875,2008,2070,2003,1690,1789,1907,2011,1756,1981,1779,1790,
79,1207,1239,1529,1469,1269,1333,1246,1182,1464,1148,1144,1176,1213,1180,1407,
80,968,802,864,834,1025,1031,936,806,
81,1259,1451,1557,1449,1367,1335,1430,1582,1385,1516,1138,1450,1550,1583,1554,1515,1462,1238,1417,1584,1258,1270,
82,1485,1429,1430,1527,1365,1363,1397,1390,1550,
83,566,855,863,661,956,955,892,693,926,831,568,895,696,927,732,606,731,730,629,893,725,953,1021,854,735,757,1079,990,573,820,1047,605,
84,2185,2215,1928,2159,1935,1960,2097,2286,2150,1963,1968,2086,1992,1998,2098,2190,2186,2187,1964,2064,2280,2000,2023,1967,2189,
85,426,234,297,202,494,207,459,174,205,273,274,203,
86,1164,565,753,598,786,595,631,593,626,
87,1894,1647,1640,1874,1810,1645,1875,1733,1811,1765,1734,1989,1996,1778,1672,1970,1679,2061,1797,1732,
88,316,278,347,376,315,218,375,213,
89,526,623,491,552,649,521,584,559,654,490,
90,841,826,751,671,946,735,539,905,827,1037,532,748,822,904,1008,817,938,563,778,564,764,690,1002,970,507,915,796,475,794,842,
91,1620,1850,1748,1847,1916,1780,1683,1715,1852,1564,1565,1663,1880,
92,1017,1079,1010,784,660,923,796,661,978,764,892,692,795,664,955,
93,650,458,449,815,618,788,775,819,756,818,596,419,779,556,812,705,358,846,619,554,420,771,787,387,497,744,745,422,480,738,848,
94,751,935,936,937,1631,1531,1845,908,294,655,293,1814,782,654,555,750,1559,1684,939,621,1590,1589,879,1855,644,772,903,1560,902,1885,837,1564,869,615,1883,552,1621,804,1884,1854,
95,651,805,943,804,1001,741,870,912,649,648,711,742,1003,718,1000,1007,
96,1776,1744,1894,1905,1998,1676,1994,1936,1991,1872,1992,1679,1704,2025,1996,1643,1904,1959,
97,1168,1296,1003,769,1184,1515,1059,1514,805,1160,1479,1069,874,1216,1408,1120,774,1135,1093,1378,938,1033,1066,1036,1478,1222,1218,770,1185,800,806,1219,1223,1440,1192,
98,1751,1854,1533,1653,1560,1885,1884,1589,1498,1883,1823,1816,1848,
99,299,163,367,268,321,304,428,46,360,289,
100,1182,1214,1339,1303,1113,1117,1336,1238,1115,1270,1246,1114,
101,1872,1609,1649,1583,1933,1934,1899,1713,1639,1932,1650,1582,1898,1550,1931,1682,1640,1832,1578,1810,
102,1364,1426,1628,1395,1533,1404,1620,1370,1335,1532,1656,1690,1488,1301,1626,
103,1987,1863,1927,1702,1873,1895,1839,2088,2062,2057,1871,1773,1742,2061,2059,2000,1741,1858,1800,1704,1966,
104,1927,1891,1860,2053,
105,1803,1576,1940,1640,1653,2010,1686,1918,1423,1654,1658,1655,1791,1692,1942,1726,1876,1544,1879,1693,
106,891,1086,926,951,957,1116,1145,990,888,1143,
107,1982,1950,1915,1681,2267,1677,2103,1745,1917,2266,2008,1744,1981,1741,1648,
108,1673,1767,1539,
109,420,582,388,387,550,613,419,
110,95,159,127,187,286,
111,597,662,606,566,505,629,727,507,506,574,542,
112,1956,2031,1829,1872,2061,2062,1830,2093,1871,1805,2055,1989,1807,1957,1839,1769,
113,787,1053,798,1080,820,829,895,789,797,884,914,763,1111,862,761,
114,684,688,626,689,617,302,401,364,683,595,301,457,365,369,563,361,334,585,658,
115,675,328,513,553,679,710,257,288,481,
116,1188,304,440,213,501,899,212,336,345,211,1034,368,499,
117,1118,1166,1059,767,826,966,795,1006,1049,972,965,1050,796,858,1228,964,1005,1188,1221,1187,1017,953,1197,970,1117,973,1154,1135,985,984,1091,939,1260,1016,
118,735,601,633,542,671,734,539,765,
119,2123,2048,1988,2058,2284,2052,2156,2124,2220,2208,2155,
120,1749,1693,1335,1752,1597,1596,1332,1521,1489,1660,1716,1336,1750,1784,1338,1692,1394,1393,1715,1754,1304,1532,
121,1490,1258,1350,1289,1319,1644,1576,1553,1584,1256,1229,1330,1613,1545,1577,
122,617,712,486,835,865,682,837,454,
123,1656,1467,1721,1791,1439,1437,1789,1788,1689,1435,1373,1755,1723,1624,1657,
124,1887,1592,1567,1880,1916,1948,1623,1915,1815,1917,1565,1562,1563,1533,1687,
125,1079,1328,890,1368,1274,1279,1231,1140,1361,1045,949,1242,924,1303,
126,258,359,208,357,176,425,14,79,46,397,292,225,393,
127,1320,1388,1323,1575,1510,1486,1356,1383,1518,1389,1611,1414,1355,
128,737,449,584,419,704,451,711,454,487,740,741,417,
129,1082,1017,991,924,1023,
130,889,945,793,978,729,751,976,911,696,630,879,826,626,688,857,
131,590,359,420,365,612,622,
132,1800,1958,1803,2124,2121,1989,1925,1802,1904,1937,2127,2152,2095,1831,2157,2064,1969,1805,1807,2123,2023,
133,1118,915,1203,1054,1238,1171,854,1235,1137,1148,957,886,1139,1240,956,1244,922,1010,1138,1053,916,888,1021,887,889,1170,857,1237,1117,
134,1417,1287,1385,1443,1316,1353,1418,1411,
135,824,886,792,660,728,884,819,
136,1417,1280,1251,397,369,1353,375,494,1512,1281,690,569,505,279,721,590,1249,724,662,406,1575,1253,1482,1604,655,1254,654,524,589,1568,720,693,461,664,372,622,
137,1030,1312,996,1190,
138,1309,1240,1241,1308,1238,1500,1361,1425,1556,1558,1562,1298,1591,1490,1557,
139,898,833,1025,962,1088,994,930,
140,658,505,693,275,310,337,463,344,600,430,631,527,398,559,441,592,537,
141,245,82,277,271,214,306,83,174,116,150,307,142,
142,1148,1470,1562,1598,1364,1175,1247,1151,1114,1500,1407,1499,1112,1563,1182,1431,1375,1398,1496,1501,1530,1529,1275,
143,556,677,645,590,676,614,837,644,804,902,550,877,583,751,552,519,906,654,815,520,836,687,
144,813,1076,723,941,721,973,1043,1014,724,888,758,
145,1546,1356,1412,1577,1476,1542,1357,1388,1574,1288,1317,1578,1485,1541,1355,1548,1380,
146,1582,1809,1551,1746,1931,1961,1810,1841,1903,1998,1905,2027,1778,1583,1904,1480,1510,1936,1681,1680,1963,1568,1891,
147,759,857,823,727,604,603,824,671,
148,1912,1618,1651,1648,1974,1742,1679,1752,1741,1687,1784,2005,1970,2003,
149,195,104,489,396,172,485,397,386,162,418,103,354,385,226,258,419,427,133,453,
150,654,642,846,835,519,522,738,872,814,610,876,719,520,838,903,803,772,782,935,844,687,521,869,
151,1178,1213,1302,1466,1245,1174,1244,1113,1465,1082,1150,1467,1398,1246,1334,1081,1469,1119,1114,1498,1301,1049,1021,1143,922,
152,189,378,348,275,309,149,341,408,89,407,118,317,374,253,276,
153,1260,1392,1488,1446,1361,1261,1611,1520,1317,1258,1583,1510,1613,1544,1999,1744,1967,1646,1604,1762,1920,1935,1840,2019,1995,1924,1645,1826,1891,
154,1206,1435,1079,1367,1175,1401,1368,1212,1119,1052,1239,1086,1436,1373,1276,1335,
155,1588,1616,1364,1486,1398,1526,1422,1558,1454,
156,1871,2251,1965,2194,2261,1999,2217,2000,2229,2101,2219,2001,2029,
157,13,206,43,300,361,363,364,301,130,358,333,46,330,68,260,271,
158,1198,1540,650,1506,1382,1384,1350,295,1292,773,1316,928,832,1472,
159,1674,1447,1642,1578,1728,1476,1579,1675,1708,1446,1443,
160,210,650,276,532,534,438,563,234,658,404,264,651,169,500,686,627,656,564,684,685,206,618,240,688,595,
161,1337,1404,1583,1370,1597,1532,1684,1748,1301,1396,1427,1335,1436,1648,1660,1362,1680,1679,1747,
162,1879,1630,1618,1650,1662,1555,1533,1725,1498,1494,1587,1757,1758,1850,1525,1852,1496,1849,1497,1694,1524,1820,1726,1851,1683,1747,1715,
163,68,231,294,230,325,260,356,133,387,
164,1689,1873,1498,1552,1779,1584,2037,1938,1655,1595,1427,1745,1945,1744,1462,1683,1776,1840,1428,1722,1457,1976,2004,1808,1979,1971,
165,616,816,1002,881,903,588,837,943,648,974,618,975,647,585,711,679,969,654,652,773,
166,2163,2006,1974,2003,1906,1964,2224,1941,2004,2008,1965,1940,2029,1905,1967,1999,2059,1968,2195,2073,2091,1942,2005,1938,
167,133,930,388,167,260,357,227,514,451,482,
168,941,683,714,647,937,642,897,994,962,614,1002,874,940,613,736,
169,303,21,18,48,20,434,217,175,28,274,143,310,19,279,272,368,
170,2036,1887,1787,2175,2133,2075,1976,1790,2266,2008,1850,2041,
171,2064,1844,1809,1816,2075,2167,1947,2032,1968,1914,2105,1905,2098,1882,1848,2132,
172,389,711,360,712,651,512,709,620,682,557,481,676,493,675,525,394,357,513,
173,376,86,469,145,217,401,82,407,85,465,439,281,
174,296,424,264,457,238,206,461,418,
175,1256,1199,1294,1097,1323,
176,451,168,488,490,355,322,484,258,419,489,427,386,290,486,
177,2296,2258,2292,1840,1871,1901,2262,2092,2060,2229,1943,1877,2192,2170,1944,2043,2191,1870,2171,2166,2075,2157,2140,2223,2158,1876,2064,2232,2107,2095,1938,2225,2260,2263,1937,2195,1964,1879,1910,2039,2201,1968,1975,1841,2028,
178,1496,1424,1723,1811,1429,
179,287,374,415,189,188,439,383,414,476,255,407,
180,1284,996,1062,1315,1312,1127,1254,1346,1191,1313,1028,1094,
181,535,829,504,575,607,857,506,508,893,823,860,724,540,767,855,598,
182,611,512,707,675,770,832,897,
183,177,592,485,432,748,153,367,496,744,250,528,518,465,751,678,397,613,409,282,208,749,239,315,335,550,
184,2145,2248,314,464,496,242,2115,535,506,2181,213,532,2118,2208,534,2179,212,243,2240,2281,215,211,210,567,241,497,442,2151,
185,1970,2255,1748,2290,2061,1967,1549,1393,1624,2193,1455,1560,2006,1679,1518,1614,1936,2261,1645,2005,1528,1423,2029,1487,1486,2293,2071,1677,2157,2169,2200,1687,1938,1593,
186,666,991,1020,990,735,698,790,759,635,1022,605,
187,1905,1811,2001,1884,1873,1842,2045,1982,2075,2103,1810,2069,2076,1809,1780,1948,2002,1937,1852,1819,
188,1338,1530,1307,1339,1401,1496,1626,1340,1528,1691,1657,1694,1308,1727,1560,1593,1400,1337,1434,1369,
189,298,302,235,309,273,233,277,301,44,297,82,181,15,234,149,305,17,276,202,329,52,201,306,266,
190,1319,1348,1697,1376,1640,1349,1664,1671,1699,1703,1416,1729,
191,1582,1866,1699,1732,1740,1774,1742,1705,1867,1837,2020,1857,1796,1647,1771,1869,1707,2025,1615,2056,2027,1832,1764,1863,1831,1829,1954,1614,1763,1835,1898,1667,1865,2057,1550,1731,1516,1646,1513,1542,1806,1933,1581,1797,1514,
192,75,9,107,298,331,10,103,421,418,34,386,456,385,
193,1992,2030,2058,2056,2005,1960,2029,
194,349,503,338,443,252,155,119,433,413,412,186,253,154,475,152,434,180,500,468,149,370,210,402,
195,1213,1210,1053,1211,
196,539,595,795,797,606,506,796,690,826,786,637,563,856,503,531,794,501,754,701,787,
197,705,451,642,578,480,868,452,
198,400,50,76,152,52,110,407,270,249,
199,983,1072,1009,1302,1232,1301,1005,
200,1350,1257,1160,1287,1065,1097,1281,1030,1032,1256,996,1125,1346,995,1318,1313,1031,
201,560,303,299,362,532,652,584,425,718,300,585,371,330,650,400,301,658,520,404,334,
202,231,108,417,177,297,302,241,240,296,294,301,295,
203,1174,1019,955,849,820,1146,944,850,1020,1008,
204,1651,1693,1555,1726,1853,1820,1845,1778,1844,1619,1596,1630,1789,1851,1650,1727,1852,1878,1759,1563,1746,
205,1038,1302,1298,947,286,1295,1334,183,315,1230,151,1301,1333,285,1112,1133,1271,281,1015,118,978,979,22,981,1330,976,1176,1080,317,280,
206,1035,1028,905,872,1186,868,1034,838,897,
207,640,892,902,1077,676,1243,933,642,1023,1215,893,890,958,950,1183,964,888,1245,1276,1272,1173,922,1206,807,486,3,104,416,329,2,0,32,7,448,455,
208,538,349,382,702,507,603,
209,1852,1595,1587,1618,1561,1758,1912,1650,1628,1556,1821,1694,1908,1596,1977,1790,
210,796,797,1119,795,799,887,983,825,831,798,982,
211,2222,2151,2057,2125,2091,2181,1818,2090,
212,1251,1125,1282,1221,1280,1281,1223,1252,1029,1061,870,898,
213,867,962,967,998,994,996,935,837,
214,1091,975,1069,1230,1451,1252,1166,1100,1037,1198,1004,1223,1199,1347,1135,1062,1070,1027,1379,1028,1348,974,
215,1976,1719,1814,1660,1657,1949,1725,1855,1692,
216,4,168,104,322,136,5,355,353,
217,1930,1928,1551,1617,
218,1000,1108,876,1233,1171,1265,1259,1201,938,1193,1139,969,977,912,909,1264,1258,911,1260,
219,785,567,764,568,566,786,634,535,699,596,602,
220,531,637,540,754,502,796,787,562,595,734,563,825,669,670,471,795,501,606,723,821,605,856,507,690,626,
221,1903,1806,1555,1590,1836,1557,1907,1936,1968,1938,1847,1554,1905,1902,1646,1589,
222,910,1035,1228,978,973,940,972,1236,1099,1002,1014,1047,1264,1164,1079,881,1263,911,
223,453,545,390,294,548,516,226,485,421,224,
224,1638,1513,1344,1318,1601,1668,1576,1416,1600,1512,
225,1861,953,1826,2241,952,991,696,1992,759,1020,1827,1960,1022,634,607,728,2211,2176,664,671,
226,1486,1538,1349,1581,1356,1703,1580,1286,1353,1354,1550,1389,1671,1378,1643,1604,1505,1474,1571,1636,1676,1319,1637,1485,1645,1644,1348,1388,1321,
227,915,885,499,730,558,762,497,717,
228,1204,1174,1423,1527,1240,1239,1294,1495,1524,
229,1799,1798,1706,1796,1443,1642,
230,1820,1722,1562,1658,1690,1754,1564,1689,
231,1108,1099,1205,1326,1287,1031,1071,1062,958,1273,1077,1125,1355,1105,1002,1040,1201,920,1030,1320,926,1003,1295,1221,972,991,1136,1183,1353,
232,698,927,726,734,1015,1010,917,694,755,699,723,958,959,990,789,767,765,
233,273,464,744,81,456,554,496,513,339,234,257,402,228,305,486,337,433,224,
234,1937,1827,1765,1870,1805,1927,2187,1806,2085,1987,1796,1768,
235,1685,1595,1560,1621,1820,1692,1693,1883,1852,1684,1849,1847,1622,1781,1757,
236,1968,1939,1875,1935,1839,
237,951,1148,
238,55,441,372,406,20,86,311,438,443,371,90,181,472,89,407,18,16,173,116,243,369,303,269,255,370,120,17,445,148,308,216,274,53,119,342,373,244,78,
239,610,557,588,709,681,526,419,677,387,494,461,744,357,590,450,396,556,
240,1171,1300,1515,1072,1329,1192,1065,1458,1170,1202,1513,1223,1423,1517,1427,
241,1686,1810,1980,1715,1657,2009,2006,1939,2008,1659,1949,1823,2042,1948,1842,2040,2041,1692,1977,
242,1270,1330,1407,1562,1557,1242,1375,1342,1621,1594,1329,1522,1553,
243,653,40,205,2,711,367,546,4,335,623,715,465,718,0,676,713,612,529,
244,1812,1754,1626,1775,1879,1594,1784,1463,1462,1848,1461,1496,1722,1814,1711,1595,1490,1847,1723,1808,1840,1659,1721,
245,1870,1675,1808,1737,1872,1713,1736,1680,1840,1777,
246,1486,1649,1746,1614,1430,1427,1423,1755,1713,1656,1517,1393,1485,1748,1455,1655,1461,1646,1585,1745,1549,1747,1711,1396,
247,697,780,497,685,679,696,501,487,467,584,469,468,496,417,502,
248,2135,2038,2070,1945,2039,1916,1914,2167,2232,2103,2134,
249,366,242,463,244,303,562,334,628,661,472,315,245,379,241,398,528,272,408,594,
250,1612,1291,1325,1582,1423,1326,
251,1995,1767,1737,1735,1773,1806,1964,1870,1892,1766,
252,2032,1642,1675,2061,1957,1804,1641,1604,1990,2033,1856,1985,2095,1760,1829,2022,1953,1772,2027,1696,1676,1773,1824,2124,1637,1956,2092,1706,2017,1711,2055,1608,1923,1674,1793,2021,2000,2025,1932,1840,2001,1986,1808,1873,1920,2020,1830,1705,1828,
253,1759,1663,
254,1012,983,948,1014,1111,1048,1193,1079,978,880,915,879,1226,1259,1067,1064,878,1081,1261,
255,483,518,321,460,428,482,196,227,268,169,418,201,236,168,237,
256,692,693,505,534,565,890,756,725,855,894,660,639,661,573,510,504,
257,1112,1111,1147,1394,
258,565,520,692,432,564,532,782,755,531,660,784,754,661,462,628,616,713,617,783,521,
259,130,161,363,68,396,67,257,192,36,331,321,173,427,105,139,393,204,425,256,74,333,354,
260,1846,1724,1727,1691,1660,1975,1721,1815,2077,1689,1726,1783,1723,1692,
261,1267,1206,1010,1103,1045,1175,1046,1070,1011,
262,566,629,689,628,521,534,619,564,
263,1304,1208,1372,1407,1272,1055,1369,1177,1052,1404,1113,1240,1403,1054,
264,583,384,675,551,389,645,676,614,422,640,
265,629,497,659,691,496,500,498,466,
266,337,241,273,326,110,490,464,424,143,400,230,492,229,432,
267,1330,1296,932,969,1328,1420,1293,930,1329,1175,1137,1359,1233,1409,1444,935,970,1136,1271,
268,220,575,568,253,439,250,438,470,249,254,502,638,279,535,252,574,606,
269,1779,1902,1619,1989,1811,1554,1716,1931,1635,1605,1543,1514,1900,1651,1986,1512,1519,1539,1864,
270,284,570,637,504,285,347,639,472,605,377,313,316,538,314,
271,854,845,632,565,814,823,566,531,599,590,532,560,591,881,
272,1427,1843,1807,1774,1549,1812,1776,1526,1716,1426,1622,1778,1557,1493,1782,1389,1523,1839,1777,1773,1577,1841,1707,
273,372,111,371,396,265,244,362,394,146,
274,767,601,479,665,766,698,506,730,510,697,763,
275,1704,1673,1577,1664,1536,1640,1642,1505,1609,1729,1767,1479,1766,
276,1690,1342,1656,1375,1723,1757,1694,1624,1689,1340,1401,
277,427,595,235,400,719,426,658,494,276,467,493,500,368,688,394,
278,1444,1445,1573,1604,1312,1667,1696,1605,1728,1347,1412,1378,1346,1698,1477,1729,1697,
279,997,1350,1028,1388,1233,966,1003,1451,1329,1265,1351,1282,1454,1201,1317,747,1449,1393,1349,968,1455,1392,1168,
280,1953,1741,1992,1963,1643,1506,
281,639,315,254,282,471,280,601,250,284,470,281,442,539,
282,1793,2080,1893,2083,1861,1894,
283,1210,1401,1118,1177,1085,1467,1434,1241,1209,
284,1426,1515,1224,1132,1481,1520,1459,1393,1485,1458,1201,1487,1161,1384,1330,1287,1484,1361,1256,1319,
285,149,323,626,292,436,499,140,278,194,362,498,275,397,468,98,13,328,101,7,2,494,298,148,274,553,236,270,495,271,327,590,464,360,112,130,588,330,624,10,207,173,239,593,269,373,99,195,329,308,427,342,326,
286,1099,1447,1132,1031,1133,1419,1157,1126,1449,1098,1448,1093,1421,1295,1067,1347,1187,1420,1066,1250,1101,1062,1032,
287,2087,2059,1681,2049,1842,2085,2091,1968,1936,1614,1713,1777,1611,1636,1582,1745,1607,1634,1635,1666,1680,1646,1581,1969,1579,1610,
288,1912,2201,2070,1918,1886,2135,1983,2167,2007,2039,2071,1884,1979,
289,1573,1697,1612,1611,1996,1572,1902,1959,1743,1609,1925,1610,1740,1775,1896,1577,1793,1763,1804,1701,1836,1642,1867,1858,1640,1995,1676,1861,1894,1644,1835,
290,1980,1972,1919,2042,2045,1940,1753,1810,1661,1663,1887,1941,1973,
291,293,587,131,101,240,273,357,174,556,339,274,224,171,200,132,
292,532,507,117,17,148,218,283,534,336,332,429,202,185,119,536,563,177,
293,1458,1467,1367,1434,1750,1457,1618,1533,1628,1783,1597,1692,1716,1532,1749,1717,1723,1397,1565,1720,1399,1785,1401,
294,310,278,502,275,439,272,531,399,
295,150,171,185,107,61,79,238,153,181,15,124,
296,626,622,494,594,530,531,495,
297,1857,1202,1859,817,1638,984,821,850,1103,1070,1038,974,1605,1175,1539,1236,880,1604,1828,1174,942,1006,819,1536,1888,1016,1860,1827,911,1797,1205,1081,
298,1597,1622,1720,1559,1596,1661,1655,1692,1753,1629,
299,1914,1947,1756,
300,922,1078,1054,954,1499,1495,1235,1469,1401,1330,1139,1172,1268,
301,1609,1410,1514,1765,1447,1673,1481,1411,1769,1696,1728,1610,1766,1545,1415,1381,1729,
302,1657,1688,1566,1689,1720,1949,1627,1626,1816,1784,1563,1849,1817,
303,
304,1938,1809,1896,1842,2024,2001,1773,1960,2025,1810,2034,1992,2002,1874,1776,1833,1906,1907,2064,2063,2062,1775,
305,1319,1216,1670,1762,1545,1575,1344,1449,1577,1701,1607,1543,1729,
306,577,576,99,292,550,487,390,608,513,582,454,34,35,291,324,355,326,356,453,39,544,259,423,
307,2029,2190,2063,2030,2028,2220,
308,1724,2103,1527,1581,1726,1550,1904,1690,1771,1723,1580,1659,1707,1777,1675,1714,1525,
309,942,560,972,490,724,769,850,561,851,936,691,937,882,881,579,935,818,642,
310,
311,
312,934,967,1157,898,999,900,1185,
313,757,851,439,784,570,618,437,406,681,716,785,695,651,
314,1961,1346,1136,1506,1360,1321,1891,1359,1266,1956,1797,1801,1132,1225,1930,1100,1233,1570,1632,1834,
315,1969,1847,2107,1936,2232,1877,1913,1946,1905,2194,2161,2230,2200,1945,2229,2225,1904,2201,2139,1937,
316,1357,1231,1159,239,586,454,1134,684,587,1124,1350,1125,683,588,272,455,300,1156,337,1383,1253,264,1034,498,1384,358,1416,560,422,1067,559,529,1387,1484,653,681,
317,
318,547,355,421,322,452,516,387,641,453,
319,648,616,783,785,813,596,553,660,464,497,724,745,521,617,817,629,585,780,597,433,463,
320,1995,1921,1740,1738,1733,1702,1955,1868,1737,2020,1889,1804,1857,1674,1825,
321,305,566,375,561,596,273,440,343,593,309,560,408,336,308,504,567,
322,496,883,821,780,557,791,850,822,498,559,534,619,
323,2103,2069,2010,1970,1876,1847,1846,2073,2102,2034,
324,1788,1756,1870,1773,1627,1619,1940,1821,1552,1615,1559,1556,1677,1816,1820,1903,1724,1978,1784,
325,1376,1026,1125,1057,1381,1255,1411,1092,
326,469,186,187,284,54,242,145,155,89,336,82,272,472,470,122,379,252,
327,1145,1011,1134,1070,1168,1135,1166,1331,1296,1012,1210,1049,1016,1364,1081,1015,1040,1396,1199,1146,1038,1071,976,1013,
328,2025,1932,2248,2259,1964,1994,2000,1895,2035,1706,2132,1970,1705,2164,1874,2162,1842,2003,1776,2289,2291,2288,1966,1768,1967,1711,1936,2002,2001,1679,
329,1087,1052,1053,796,
330,624,625,935,1006,774,944,
331,376,56,383,506,157,120,121,151,93,88,95,410,159,409,443,25,91,342,152,447,343,413,341,446,246,440,442,
332,974,1073,1126,999,939,1105,1223,1200,938,1040,1030,975,1003,
333,1041,1202,1239,1137,1169,1042,
334,918,498,471,721,497,1661,529,
335,1739,1612,1538,1537,1794,1569,1578,1611,1793,1862,1828,1509,1508,1600,1803,1728,1760,1834,1546,1861,1708,1511,1795,1832,
336,815,952,723,941,877,1003,888,1037,844,790,1109,843,822,939,785,720,
337,478,126,121,123,506,278,475,159,446,310,
338,1731,902,1393,1187,1293,1957,968,1968,1392,1289,869,2057,1827,1291,1188,
339,1240,1209,1214,1180,1530,1431,1398,1182,1211,1210,
340,1366,1245,1215,1270,977,1457,1456,1398,1236,1430,1424,1275,688,660,1106,
341,1159,1197,1163,1319,1261,1321,1221,
342,1429,1544,1363,1576,1618,1356,1448,1295,1491,1711,1394,1709,1710,1355,1360,1512,1680,1417,1675,1642,
343,1285,1255,1254,1228,1192,1287,1580,1229,1258,1550,1360,1295,1230,1257,1578,1519,1382,1350,1577,1263,
344,1274,1374,1242,1343,1341,1277,1209,1273,
345,1062,1345,1312,1030,1317,1061,1253,1158,1221,1028,993,1313,1286,1314,1316,1093,1027,1281,
346,2162,2009,2294,2012,2194,2226,2299,2067,2044,2291,2130,2078,2142,2036,2298,2035,1970,2005,
347,941,1076,1161,1034,1032,1204,1004,1011,1005,1009,1265,1171,1202,1160,1008,1043,1258,1264,1000,1002,1033,1096,1108,944,1226,940,1260,1227,976,978,972,1065,1203,945,
348,407,312,281,304,345,207,154,403,185,50,88,122,402,251,
349,1032,812,845,1098,910,1131,979,805,867,1099,1130,1065,835,1073,999,811,1070,848,1100,1097,1009,1163,776,935,1006,1039,781,1093,
350,1315,1282,1442,1504,
351,1800,1832,1729,1896,1766,1730,1765,1767,1957,1697,1731,1864,
352,853,951,989,671,1018,990,950,988,959,759,670,635,726,665,919,886,
353,287,347,441,318,638,379,413,671,
354,333,259,196,8,162,7,10,364,291,9,394,302,206,78,261,239,294,44,393,293,11,
355,1038,758,877,1202,1652,753,814,1112,1005,1205,1592,1173,952,1069,1721,953,1144,1175,1079,760,1749,757,1169,1070,820,724,1019,
356,492,530,406,393,439,470,528,174,210,458,311,427,493,561,426,237,245,213,
357,429,536,524,687,587,599,504,273,555,653,600,693,631,364,408,270,334,460,278,662,490,395,556,692,
358,1016,854,1083,695,1148,1051,1147,887,822,1081,1118,1117,697,790,536,1115,918,1082,1080,1113,
359,231,1367,1489,1326,1293,1143,1041,1427,1324,1426,1397,1077,1425,1429,1335,418,1072,1259,386,1304,1240,1260,
360,872,1059,810,712,1060,907,1091,674,1026,675,676,970,778,740,1057,
361,849,778,558,490,649,491,845,515,642,842,623,522,788,455,463,813,757,596,610,675,521,874,597,586,
362,1734,1738,1836,2027,1826,
363,1497,1298,868,514,513,647,1684,839,806,837,1299,807,582,581,869,1366,1335,1654,1465,1516,1452,1615,1650,1582,1389,1682,512,1326,544,896,1358,1592,928,
364,900,867,834,936,710,835,
365,1269,1593,1654,1392,1554,1622,1404,1623,1653,1424,1563,1531,1361,1268,1621,1272,
366,811,810,751,586,776,783,
367,1283,1701,1449,1728,1481,1670,1761,1317,1762,1544,
368,1060,1125,1312,1223,896,1025,1128,1282,1096,1284,930,1281,1253,1283,1285,
369,1524,1336,1656,1535,1397,1589,1307,1439,1306,1567,1598,1623,1628,1275,1655,1305,
370,1151,884,1231,885,1082,1235,462,755,308,985,1270,913,851,1007,1100,886,1200,855,1068,1238,558,590,1039,1201,1214,1234,1119,727,953,1232,754,
371,1322,1645,1491,1328,1617,1321,1261,1677,1289,1616,1576,1320,1361,1676,1416,1458,1288,
372,1364,1615,1428,1361,1396,1360,1616,1484,1587,
373,536,441,247,302,245,345,561,473,272,593,280,346,246,
374,
375,1170,1613,1711,1716,1431,1393,1495,1390,1139,1330,1106,1363,1359,1714,1172,1463,1422,1072,1713,1319,1266,1388,1126,1391,1289,1007,1397,1655,1623,1646,1396,1685,1686,
376,922,953,1048,1179,
377,1029,738,903,1121,997,1027,1090,933,1061,736,769,1092,
378,1181,1140,1355,1204,1354,891,924,1139,1459,1042,1164,1453,1173,1103,1211,1333,1387,857,1301,1105,1458,1172,890,1207,1212,888,855,1486,1210,1010,1203,1241,1237,886,887,1149,1205,1134,
379,1518,1423,1592,1434,1271,1238,1499,1486,1305,1266,1497,1585,
380,1458,1235,1523,1416,1396,1236,1484,1287,1489,1129,1490,1103,1170,1519,1428,1192,1171,1518,1384,1268,1128,1102,1193,1160,
381,1453,1485,1612,1717,1591,1517,1427,1459,1548,1455,1654,1749,1590,1622,1559,1426,1776,1454,1775,1494,1525,
382,1967,2026,1735,1673,1743,1992,1763,2028,1675,1959,1894,1709,1643,1700,
383,1463,1775,1593,1690,1721,1811,1460,1615,1550,1752,1461,1427,1647,1876,1487,1776,1743,1528,1815,1646,1458,
384,176,209,83,196,165,17,81,239,235,231,203,131,175,49,205,161,
385,532,827,506,853,690,855,504,502,574,891,734,821,627,858,
386,1620,1339,1340,1652,1470,1689,1302,1364,1303,1656,1406,1459,1628,1307,1503,1306,1331,
387,843,1515,902,901,609,1408,1606,1538,579,1355,874,584,585,1576,873,1544,1572,1221,1255,1440,1504,841,608,619,672,1577,551,578,1571,1345,1253,906,716,1483,
388,1076,756,818,729,979,947,1278,1045,1271,1308,1077,861,1173,828,1018,952,728,1012,
389,1679,1812,1616,1527,1692,1811,1648,1658,1787,1816,1756,1817,1691,1744,
390,1448,1618,1841,1942,1836,1553,1554,1452,1594,1777,1946,1914,
391,1143,624,718,1480,1017,1131,1267,1200,1362,646,359,1020,431,1019,1201,1049,528,1206,1368,714,362,647,1291,366,1404,1299,397,331,1402,1452,1482,560,464,712,1375,746,455,399,1555,1457,1383,1132,987,1553,486,1022,1175,1111,1054,1419,1456,392,394,
392,344,283,155,372,404,345,371,117,375,281,373,187,116,207,306,251,340,272,240,305,119,
393,1797,1831,1616,1669,1869,1543,1605,1799,1583,1806,1898,1900,1648,1866,1481,
394,903,1226,1256,1155,874,1197,906,1228,872,1134,1222,904,995,962,973,971,1188,939,1122,1070,1038,1255,1221,1133,873,
395,851,1148,882,1010,757,767,1112,1053,696,959,946,662,635,947,732,831,755,1075,819,1043,818,694,
396,1467,1558,1180,1653,1621,1403,1436,1497,1625,1488,1595,1332,1489,1657,1404,1300,1533,1262,1587,1456,
397,1653,1520,1778,1710,1717,1614,1582,1557,
398,822,820,602,631,696,604,503,719,749,635,845,622,887,793,1008,497,920,593,979,667,826,625,781,470,559,621,685,941,595,655,717,434,825,700,496,471,729,697,878,466,686,794,876,1012,751,944,
399,808,609,935,998,1027,997,678,
400,1019,954,1008,1200,944,1051,1170,884,1299,953,1168,915,1135,918,883,
401,1049,1080,955,1242,984,954,925,1178,924,1017,1208,1310,
402,582,931,869,899,930,514,
403,2244,2257,2258,2159,2069,2164,2089,2254,2092,
404,919,822,765,921,664,757,790,
405,1439,1407,1403,1755,1495,1656,1526,1757,1721,1433,
406,486,529,453,744,464,656,749,391,582,583,613,396,497,551,
407,
408,1390,1453,1193,1262,1422,1516,1225,1378,1194,1252,1442,1161,1509,1542,1515,1411,1260,1315,1379,1345,
409,557,363,431,392,554,362,
410,1555,1520,1207,1241,1234,1238,1204,1370,1556,1557,1359,1274,1272,1498,1559,1466,1339,1203,1206,1305,
411,1308,1370,1659,1311,1528,1497,1629,1339,
412,1951,1751,1950,1981,1980,1598,1879,1718,1978,1657,1945,1976,1943,1662,2013,1983,2010,1626,1814,1911,2011,1599,1726,1655,1630,
413,1799,1808,1514,1583,1615,1680,1798,1898,1897,1896,1899,1576,1617,1713,1744,1931,1545,1901,1516,1546,1638,1670,
414,528,503,496,662,656,725,694,497,
415,1743,1708,1551,1616,1612,1648,1643,1675,
416,1558,2074,1909,1692,2006,1562,2103,1561,
417,742,823,791,837,998,562,529,654,886,711,650,743,1068,620,
418,2014,2298,2098,2037,1949,2171,2068,2005,2169,2233,2111,1947,2079,2170,1975,2201,2130,1976,2143,2164,2269,2165,
419,2051,1877,2227,2121,2098,1875,1969,1913,2233,2130,1847,1876,2140,2203,2033,2076,2002,2194,1846,2197,2261,1915,1882,
420,672,288,425,360,520,609,552,257,327,258,614,647,676,320,677,643,522,328,645,608,644,289,259,291,
421,368,249,108,333,374,268,18,47,121,23,17,120,402,153,20,373,280,109,184,270,217,433,22,375,111,
422,166,167,53,393,19,395,434,231,86,230,279,436,361,404,
423,1904,1806,1909,1591,1846,1783,1871,1847,1557,1872,1613,1677,1844,1772,1614,1552,1582,1845,1645,1551,1590,
424,1944,2078,1912,1918,1950,2171,1883,
425,2019,1664,1768,1632,1669,1666,2020,1670,1832,1896,1736,1927,1986,1636,2018,
426,2198,1974,1940,2039,1999,1935,2005,2103,1997,2060,1973,1906,1905,1966,2258,1970,2029,
427,2225,2010,1879,2228,1977,2031,2226,2011,2229,2231,2063,2160,1873,1872,
428,1247,226,1082,1051,576,582,608,550,262,1081,609,456,261,263,
429,463,105,462,456,305,432,337,327,110,240,488,400,273,293,491,144,107,111,168,422,104,460,368,208,231,431,
430,1701,1640,1671,1731,1544,1665,1344,1512,1700,1382,1698,1733,
431,1634,1858,1666,1732,1735,1633,1763,1667,1322,1799,1669,1795,1700,2178,2055,1323,
432,1670,1728,1639,1414,1544,1408,1376,1479,1762,1445,1608,
433,2111,1915,2197,1973,2230,2268,2014,2264,1948,2266,2265,2164,2068,1949,2142,1944,
434,1163,1169,1200,1044,1164,1231,1096,1196,813,876,874,907,848,845,1128,938,1201,1170,1228,968,1229,1195,
435,716,558,425,453,422,653,743,392,684,677,426,
436,1117,1175,1046,1116,1178,1021,1020,1110,
437,1621,1585,1771,2034,1620,1943,1942,1644,1738,2030,2067,1708,1622,1614,1720,1975,2006,1897,2062,1687,2027,1930,
438,659,842,790,724,972,1005,1011,692,690,689,693,757,918,779,685,684,623,1012,
439,505,506,127,478,246,437,318,381,277,510,444,504,215,159,
440,1307,1337,1046,1083,1305,1171,1235,1051,1076,1077,1334,1116,1336,1180,
441,1339,1343,1463,1399,1309,1755,1624,1559,1368,1342,1695,1369,1305,1336,1494,1724,1623,1527,
442,1088,1127,1158,1089,1409,
443,176,504,411,217,209,241,472,368,399,465,181,497,184,532,432,283,
444,43,328,161,329,264,257,297,360,234,8,170,138,192,38,358,352,268,42,265,173,323,7,359,128,66,71,67,69,289,296,160,290,391,141,
445,1199,1101,1047,1068,844,885,882,1174,1004,1206,1205,1233,1204,
446,502,469,468,598,592,465,
447,964,811,612,680,865,874,837,936,967,613,736,673,833,905,832,648,931,779,649,965,
448,833,769,1026,800,1091,1059,768,994,
449,1466,1459,1332,1303,1402,1467,1363,1333,1524,1558,1498,1491,
450,2099,2157,2162,2163,
451,1434,1113,2201,1468,1307,1982,1818,2046,1082,1119,1212,1437,1371,1970,1950,2233,1908,2202,2199,1112,1883,2234,1884,2003,2132,1149,2035,2163,1470,1114,1145,1847,2204,2232,1949,2198,
452,1513,1480,1124,1482,1411,1379,1231,1314,1444,1250,1346,1481,1478,1131,1262,1125,1477,
453,585,526,908,557,626,658,850,880,907,558,818,587,840,776,941,879,743,691,
454,1665,1664,
455,
456,386,450,482,480,
457,1859,1858,1856,1924,2021,2178,1860,1990,1957,
458,1859,1539,1735,1542,1922,1573,1638,1506,1572,1704,1408,
459,951,782,1074,972,1108,1016,1072,856,823,1044,1075,756,1039,1106,813,
460,1885,1947,1886,2231,2228,1971,2135,2003,1784,2195,1938,2108,2201,1779,2065,2101,2103,2068,2097,2046,1848,1908,1819,2098,2139,1812,1844,2140,2069,2100,2045,2262,2229,2077,2102,2064,1950,2263,
461,536,635,570,345,189,669,344,254,255,
462,1735,1701,1603,1766,1799,1926,1894,1634,1985,1667,
463,461,519,332,121,181,93,153,115,187,
464,758,652,653,651,884,623,694,561,684,720,779,842,693,688,590,629,
465,1813,1901,2159,1933,2225,2194,2196,1842,2103,2126,2134,2093,2192,2195,2164,1841,2094,1840,
466,669,535,700,699,668,666,473,665,380,607,479,440,
467,1796,1610,1709,1895,1863,1760,1892,1835,1632,1740,1858,1802,1771,1545,1857,1578,1600,
468,802,846,677,845,1002,782,682,647,648,971,909,715,898,739,
469,1952,1921,1795,1920,1762,1891,
470,797,766,1054,1138,891,1132,1477,1131,735,767,1860,
471,1945,1930,1801,2094,1976,2130,1782,1741,1802,1803,1848,1778,1816,2128,2160,1743,1774,2131,1783,2101,1745,2132,1742,1912,1897,
472,1983,2267,2037,2268,1919,1917,2101,2238,1850,1882,2132,2299,2264,1943,2133,2198,
473,29,315,122,185,250,
474,397,403,133,103,23,367,41,54,40,248,269,75,302,22,240,369,79,311,335,21,47,48,74,110,229,343,197,371,370,174,109,46,372,19,53,
475,1437,1820,1467,1823,1720,1752,1822,1785,
476,802,943,814,741,1129,1028,1096,942,1098,930,911,1037,1027,1036,772,846,748,747,994,1062,713,
477,1950,2070,2264,2071,2015,2134,1977,1983,
478,2109,1685,1757,1688,1822,1873,1821,2141,1905,1841,1756,1809,
479,1802,2055,2016,2125,2056,1931,2088,1767,1764,2190,2027,2116,1824,2223,1762,2082,1793,2287,
480,407,468,597,283,661,343,694,383,499,730,702,317,347,284,346,
481,271,180,209,211,239,176,533,301,345,208,528,529,366,472,
482,212,249,182,406,306,242,371,216,211,
483,1954,1985,2057,1767,1858,2086,1734,2053,1764,2085,2058,1933,1702,1804,1762,1996,1922,1737,1921,2090,2087,
484,1272,1623,1240,1622,1048,1493,1558,1789,1397,1786,1721,1398,1590,1271,1275,1461,1267,
485,1925,1956,1987,2016,1893,1798,1765,1988,1665,1732,1764,2020,1698,2018,1830,1700,2017,1986,
486,1266,1108,1202,1138,1140,1139,
487,505,346,638,569,639,440,537,378,602,636,
488,813,1106,1037,822,1070,940,782,1103,783,1005,876,754,1038,1107,789,1077,1139,
489,1644,1836,1249,1193,2023,1128,1987,1992,1290,1257,2019,1251,1986,1899,
490,1032,945,1040,617,1069,849,900,941,911,784,770,914,942,677,676,1070,803,
491,786,954,660,852,922,735,600,628,691,629,831,957,918,601,571,853,659,630,633,917,702,755,894,694,884,766,952,950,863,733,799,662,953,597,925,631,569,602,883,
492,2065,2102,1876,1976,2040,2098,
493,1224,1259,1193,1223,1415,1322,1221,1257,1315,1386,1412,
494,1715,1466,1401,1485,1681,1326,1498,1366,1455,1593,
495,883,909,1163,917,1004,1110,1003,1079,1230,881,1131,
496,843,1066,1094,834,1126,864,1036,1058,1098,844,772,1060,741,929,1004,941,803,1124,
497,1863,1613,1964,1744,1935,1831,1681,1873,1928,1965,1896,1840,1647,1993,
498,1321,1511,1451,1575,1094,1538,1293,1195,1539,1513,1185,
499,1823,1822,1617,1533,1654,1717,
500,1157,774,930,974,1194,805,811,1037,1091,1039,1090,1026,1100,835,834,803,1038,1156,1006,1164,355,781,942,1195,198,1058,877,
501,1558,1820,1815,1821,1557,1534,1851,1589,1500,1781,1620,1631,
502,1529,1400,1712,1561,1910,1359,1465,1553,1297,1298,
503,1583,1408,1900,1520,1356,1551,1836,1289,1519,1320,1423,1377,1805,1349,1290,1317,2087,1712,1456,1893,1615,
504,1914,1815,2070,1874,1938,1814,2041,2040,
505,1822,2167,1817,2102,2110,1816,2168,2100,1784,2135,1813,1951,2171,1846,2173,2004,2069,1821,2141,2079,2170,
506,1815,2104,2136,2064,1848,1814,1816,2164,2167,1946,2106,2165,1968,1947,1846,1905,2166,
507,284,343,314,246,85,156,251,
508,1815,1678,2035,2033,1741,1867,2004,1679,1973,1648,1709,1717,1868,1617,1965,1718,1651,
509,1412,1248,1317,1379,1537,1476,1443,
510,1666,1697,2058,2089,1674,1773,1639,2059,2083,1806,2088,1952,1706,1824,2050,2117,1731,2060,2087,1998,1665,
511,783,458,843,525,494,781,497,727,787,749,788,467,747,465,676,716,460,646,499,651,816,456,812,782,656,599,710,644,742,810,
512,879,486,487,1001,519,611,580,943,944,750,803,
513,996,1316,960,1349,1317,1346,1318,1345,1350,1256,1286,1064,931,
514,655,433,718,495,472,339,439,463,440,666,823,403,817,791,570,558,663,693,
515,779,1032,217,972,216,877,712,993,209,247,1035,271,335,865,971,801,940,
516,1262,1188,1323,1263,1200,1325,1319,1124,1294,1231,1221,1168,1232,1199,1320,1093,1322,
517,1044,1023,1623,1050,1685,1390,925,1716,1242,1622,1396,1182,1362,1430,1527,991,1612,857,1141,1654,1119,1150,1548,1645,1389,1397,891,1653,1238,981,1203,1579,918,1013,1644,858,856,1084,1547,
518,994,1377,1153,1121,1219,1441,1315,1157,1093,
519,1834,2052,1668,1377,1443,1664,1736,1897,1378,1961,2023,1508,1992,1604,1410,1729,
520,1443,1793,1736,1512,1445,1704,1797,1447,1641,1504,1796,1577,
521,690,270,273,341,363,425,301,588,533,627,629,438,457,565,439,655,502,656,556,659,362,470,657,
522,98,674,481,1272,1240,673,642,482,131,1183,1271,1597,581,
523,1120,1089,1028,1285,1192,1026,1249,
524,1144,1494,1181,1333,1179,1495,1533,1209,1429,1502,1176,
525,40,34,
526,1014,913,665,658,945,890,631,663,763,627,952,664,
527,1892,2217,1542,1768,2216,2097,2182,2247,1890,1805,1770,2083,2220,1540,2181,1954,2050,1801,1828,2215,1539,1842,1831,2128,2002,2191,1862,1969,1921,2147,1829,1536,2098,
528,607,638,280,534,664,312,667,636,406,599,575,343,501,
529,292,38,228,296,231,168,
530,1256,1075,1074,911,1062,1009,1138,976,1159,967,1233,878,1262,1010,1106,999,1259,905,
531,821,1010,1011,948,970,690,715,777,1041,685,717,980,854,755,748,938,853,721,842,
532,1382,1123,1289,1349,1258,1217,1163,1095,1315,1321,1162,1194,1094,1130,1129,1216,
533,345,90,153,93,304,219,282,175,338,18,371,343,404,56,147,314,249,118,119,21,405,
534,1305,1113,1276,1337,1242,1437,1402,1272,1304,1084,1081,
535,1573,1830,1574,1671,1536,1890,1799,1539,1606,
536,1417,1480,1377,1481,1251,1385,1353,1345,
537,1094,514,717,580,613,417,618,865,515,1127,582,269,750,879,615,449,749,494,617,619,1131,1128,587,1069,
538,
539,1665,1740,1444,1799,1770,1474,1797,1612,1800,1548,1480,1505,1547,1508,1633,
540,594,522,879,808,787,527,776,560,755,880,658,722,523,659,524,873,529,
541,267,142,230,208,265,193,296,6,13,264,48,302,
542,1425,1455,1434,1392,1683,1684,1688,1584,1366,1682,1368,1401,1499,1626,1616,1361,1334,1718,1596,
543,818,594,562,917,785,755,701,850,656,888,568,533,826,890,733,916,851,953,668,534,764,700,626,625,561,564,889,784,
544,2063,1923,2186,2052,2062,1868,1967,2148,1933,1900,2149,2187,2117,1831,2183,2018,
545,1567,1781,1750,1855,1561,1887,1717,1814,1916,1915,1685,1782,1622,1913,1599,1560,1564,1565,
546,669,733,574,766,542,765,799,
547,1984,2112,2215,1830,2216,2245,2243,1952,1928,2213,2209,2247,2246,1863,1858,1862,2016,1921,2211,
548,2070,1940,2138,1814,1845,1786,1785,2037,1941,1908,1822,1788,1877,2109,1973,
549,2087,1766,1963,2027,1802,1801,1953,1798,
550,416,357,165,417,355,325,387,356,389,
551,1376,1159,962,1221,1127,931,1253,899,1024,1222,1094,
552,798,890,828,922,954,1019,1018,
553,196,231,193,486,195,424,329,264,328,166,482,194,296,225,
554,1114,1050,884,1072,1168,786,1206,1208,1104,1203,1237,1389,1238,1306,1018,1390,
555,2197,1976,2007,1974,2302,2039,1945,2164,1944,2230,2231,1980,1950,2038,1949,
556,759,700,729,1015,1051,822,728,699,701,982,951,734,667,698,
557,695,599,414,631,479,630,567,473,412,797,
558,1591,1755,1845,1911,1658,1908,1620,1590,1777,1842,1787,1592,1625,1724,
559,431,522,459,427,463,621,428,490,622,
560,1273,1363,1396,1204,1399,1330,1206,1238,1305,1272,
561,1430,1302,1493,1267,1418,1586,1366,1552,1549,1514,1387,1551,1303,
562,684,713,934,720,817,654,683,945,807,1008,1035,712,976,742,785,849,774,967,687,
563,495,612,651,463,646,681,430,451,527,614,613,526,300,298,649,462,263,648,
564,1318,1260,1387,1356,1255,1416,1418,1225,1355,1286,
565,2063,2252,1961,2253,
566,934,962,1227,904,1036,1131,937,1163,1226,1196,1057,1132,1219,1165,
567,1849,1983,2204,2099,2230,1846,2234,1815,1951,1907,2206,2196,1950,2231,1982,1917,2067,1852,1819,
568,1386,1602,1548,1515,1765,1539,1645,1415,1698,1507,1771,1709,1549,1384,1570,
569,1351,1707,1517,1352,1675,1516,1349,1484,1664,1420,1705,1348,1763,1765,1454,1645,1549,1729,
570,959,1017,990,887,791,822,735,
571,1749,2067,2006,2027,1751,1681,2025,1911,1646,1815,1686,1684,2065,1680,
572,1169,816,953,822,1143,1039,1080,879,1171,1017,911,787,921,1007,1048,1111,846,847,1038,
573,2057,1956,2184,2016,2055,2056,1985,
574,183,306,21,17,304,74,13,204,331,52,47,78,110,215,44,270,342,236,335,
575,1085,1000,912,952,1012,989,981,913,1203,920,1119,1305,954,1087,1267,1171,1020,1041,1236,942,1212,1170,1042,955,938,1064,1160,1140,1150,1006,978,1182,
576,1144,1399,889,1334,1175,816,1006,1470,1176,823,1469,1501,911,1270,856,1149,1105,985,846,1207,754,1116,1107,986,1465,848,1150,1467,
577,1114,1146,893,854,1111,990,853,1145,855,989,1023,1045,979,917,925,885,
578,1093,992,1059,875,777,741,771,1094,970,1002,801,738,744,1058,
579,373,403,758,570,590,270,1647,432,439,504,402,248,1928,18,1763,405,109,688,1161,1163,400,1422,1700,372,342,399,205,687,1699,527,369,1616,1742,153,335,1698,433,937,1424,757,1412,343,1293,720,404,120,1229,1378,119,1507,1679,401,1896,1584,
580,713,834,1001,1031,802,843,938,779,
581,388,631,531,524,715,268,759,652,517,365,266,523,356,1010,513,746,548,778,824,488,779,663,326,354,938,324,598,267,529,550,429,980,695,906,263,
582,117,111,333,203,279,301,140,83,366,17,151,85,53,183,205,374,237,118,82,
583,857,1002,698,684,634,668,1075,1108,794,763,1040,602,1052,633,895,535,1042,
584,1773,1519,1517,1551,1544,1743,1648,
585,410,527,430,565,566,563,345,441,505,281,474,652,561,244,463,399,313,303,367,346,585,280,562,
586,2131,2031,2228,2227,2216,2165,2184,2059,2089,2090,
587,714,784,751,999,1033,976,1007,685,754,944,839,1071,1037,717,806,1038,713,682,1000,1032,
588,1022,1055,892,
589,1173,1330,1263,1362,1328,1269,1486,1136,1453,1249,1347,1093,1480,1359,1392,1391,1446,1360,1033,1133,
590,1460,1686,1375,1721,1621,1567,1691,1725,1556,1374,1335,1587,1304,1653,1338,1620,1405,1720,1471,1336,1372,
591,91,149,120,341,181,285,446,444,472,93,213,445,383,440,122,121,159,415,442,
592,1118,857,825,1150,1119,889,765,856,1115,826,1049,1081,1117,1016,1018,1082,795,
593,556,898,771,648,1038,677,976,617,1071,551,1028,618,945,647,1069,707,
594,1518,1716,1453,1334,1363,1747,1365,1647,1549,1713,1497,1392,1615,1516,1399,1423,1421,1681,1390,1718,1687,1656,1592,
595,1145,1528,1495,1496,1243,1497,1466,1205,1242,1175,1427,1498,1492,1144,1459,1394,1372,1467,
596,662,436,504,628,473,600,569,630,663,
597,813,1075,1226,882,1192,1139,1482,881,1197,1232,1202,1095,1483,1260,1201,1455,1196,1032,
598,541,339,530,571,595,628,664,310,498,381,666,663,660,341,
599,654,373,307,534,276,566,303,622,427,597,306,556,301,340,555,395,629,658,309,
600,1178,1012,1014,913,1013,944,1148,1240,1019,889,919,1040,1016,1115,854,1052,977,
601,1818,1626,1788,1814,1817,1658,1591,1781,
602,1673,2115,1776,1664,2116,1829,1835,1574,2246,1632,
603,1034,746,1066,903,752,1033,1069,715,751,1102,882,750,978,
604,389,451,416,99,68,98,419,167,448,390,101,295,
605,512,160,357,514,194,192,324,161,452,
606,2003,1972,24,2028,1975,1882,2066,2064,1752,2129,2225,2193,1811,58,2281,2249,1749,2022,1851,2087,2288,1753,1914,1940,29,
607,954,639,825,699,889,990,953,537,380,638,921,569,955,505,766,348,1021,378,761,762,601,504,
608,1927,1672,1888,1923,1922,1802,1974,2172,2071,1573,2039,1952,2041,1664,1820,1738,1913,1865,1954,1571,1633,1816,1673,2207,1959,1976,
609,1109,1523,1585,1344,
610,112,398,368,144,272,397,47,367,335,50,147,
611,1582,1365,1647,1454,1614,1615,1497,1361,1364,1687,1714,1747,1549,1360,1498,1748,1560,1717,1362,1716,1363,1432,1331,1329,
612,467,530,561,560,462,
613,322,16,355,262,331,78,192,268,460,244,198,401,10,299,
614,1288,1381,1641,1359,1258,1487,1476,1291,1582,
615,662,785,465,747,848,462,715,787,650,463,466,789,566,651,815,618,555,598,500,
616,1345,1447,1316,1541,1479,1538,1318,
617,2170,2041,1970,1843,1941,2032,1877,1807,1931,1868,2158,2224,1971,1975,2092,2201,2132,2162,2291,2264,2038,1942,
618,1771,1679,1584,1250,1219,1553,1156,1571,1520,1649,1710,1159,1539,1294,1585,1736,1744,
619,274,306,393,132,293,145,397,305,47,337,131,9,360,13,429,144,394,395,241,242,430,391,427,368,
620,
621,493,675,683,461,325,611,711,363,330,450,
622,643,837,674,834,673,774,800,
623,921,862,1208,1275,1143,923,895,1277,1111,1047,1242,952,922,
624,1446,1411,1512,
625,584,808,807,552,744,773,515,580,576,551,619,804,
626,37,140,109,68,
627,1880,1975,
628,1044,694,1407,1405,1638,890,846,656,1347,1537,1642,1285,1754,976,1284,1009,697,1788,628,1406,1789,631,1610,1370,1421,1580,1389,1409,1045,952,1286,1473,1485,1008,921,1656,730,1015,815,1464,1403,
629,320,288,359,390,416,453,326,
630,1620,1619,1946,2005,1819,1617,1810,1808,1973,1809,1851,1910,1843,1881,
631,436,637,475,572,763,443,730,573,690,755,700,699,669,791,476,723,594,
632,305,434,469,244,468,312,247,376,
633,930,897,749,935,650,584,675,804,809,872,940,779,545,519,485,609,555,608,967,750,770,550,674,840,780,832,682,738,867,612,970,554,684,778,577,
634,1082,1081,1050,1208,1242,1406,1310,1080,
635,705,
636,900,967,934,930,1282,866,1160,899,897,896,929,999,1249,
637,826,875,562,981,912,664,1045,945,982,1410,697,946,1077,1067,814,874,948,783,818,919,594,824,760,566,1189,1355,851,1606,1001,1165,761,970,597,1323,729,1188,1186,813,1387,598,1201,1133,563,845,1251,1376,
638,699,604,923,988,697,922,1022,955,954,668,991,669,793,635,990,857,729,
639,1491,1585,1461,1662,1854,1566,1460,1499,1523,1972,2008,1848,1598,1464,1522,1430,
640,1824,1892,1857,1609,1538,1674,1801,1895,1891,1802,1568,1825,1894,
641,313,213,149,345,155,278,88,253,312,181,
642,961,962,1093,960,1061,1094,
643,955,1309,985,1017,1081,1050,1277,1375,1082,1343,1143,1018,957,1407,1114,987,1240,1274,1052,1305,1372,1181,1145,959,953,1306,956,1341,1142,991,1016,1273,
644,1169,1170,712,1145,1102,252,809,1110,237,937,72,700,906,1264,508,
645,1871,2115,1936,2016,1670,1825,1710,1984,1672,1705,1702,1824,1762,1792,1641,2121,1807,1644,
646,1172,816,854,1171,784,920,1101,1069,1170,1079,1103,786,1038,853,973,818,847,887,
647,392,459,548,555,
648,277,187,93,250,176,309,16,
649,1972,2007,2167,2031,2258,2039,
650,809,975,841,910,1090,842,1007,868,1067,837,1123,807,941,909,1103,1226,994,961,1071,1068,
651,1298,1235,1260,1263,1201,976,1193,1423,1194,1234,1236,1161,1359,1097,1139,1038,972,1225,
652,1649,1835,1514,1867,1776,1745,1809,1655,1834,1715,1545,1515,1775,1430,1390,1422,1484,1429,1619,1644,1453,1395,1396,1607,1747,1686,1639,1645,1518,1452,
653,616,328,558,397,430,549,582,590,486,
654,2095,1778,2127,1901,1902,2160,2073,1869,2072,1848,1944,1965,2126,2030,2134,1777,1932,1838,2128,2133,
655,837,839,836,804,870,934,869,1028,1089,773,997,
656,1424,1586,1528,1587,1588,1299,1521,
657,302,170,299,175,332,266,
658,1263,1167,1157,1031,1071,1039,980,1324,998,850,979,1135,787,1001,727,1285,
659,511,661,471,703,479,441,502,378,446,761,478,
660,904,865,676,840,931,768,679,866,737,678,
661,1604,906,968,1512,841,676,710,1031,1314,673,1347,1572,1250,777,1059,1601,744,711,706,
662,258,420,514,453,516,452,546,576,356,577,547,257,355,485,290,
663,1794,1604,1544,1793,1959,1804,1867,1667,1930,1573,1578,1606,1546,
664,422,389,357,325,548,521,772,456,256,358,
665,859,798,797,921,
666,726,780,855,940,693,1040,1006,658,748,689,951,660,749,725,1042,691,1012,1013,791,686,823,758,
667,577,901,608,841,419,453,779,774,
668,629,786,596,811,628,530,552,584,692,490,660,
669,2006,1693,1725,1887,2013,1657,1855,2044,1691,1690,2012,1660,1791,2040,1726,1718,1759,1844,
670,267,227,423,393,202,422,362,323,389,356,165,135,299,258,170,
671,2030,1771,1962,1809,1777,1587,1553,1773,1803,2029,1779,2076,1676,1471,1554,1644,2031,2111,1930,1776,
672,867,1025,1057,931,769,963,1091,802,
673,287,282,281,637,506,539,408,633,284,638,671,636,
674,1632,1349,1479,1511,1350,1347,1216,1412,1248,1538,1602,
675,1708,1807,1734,1828,1707,1797,1991,1934,1996,1741,1958,2029,2028,
676,1090,1027,962,1154,995,
677,220,250,282,277,208,79,341,176,92,275,144,276,340,218,308,344,219,188,241,306,
678,1396,1738,1526,1481,1742,1590,1493,1559,1772,1494,1640,1482,1608,1351,1623,
679,122,90,281,1216,29,1059,59,1027,1380,1120,1061,1323,1057,1097,1096,1064,415,1152,1379,347,60,383,1227,1414,27,381,1162,
680,1306,669,890,920,658,668,1242,819,889,787,886,887,733,859,636,1087,
681,1303,1265,1551,1528,1557,1453,1485,1232,1269,1233,1389,1518,1454,1234,
682,1210,1333,982,1304,1048,1016,1330,1243,1115,1049,1274,1012,1013,983,1015,
683,1411,1443,1347,1540,1190,1380,1542,
684,202,233,181,329,114,496,170,465,464,309,436,330,277,143,80,113,235,265,298,
685,1722,2068,1787,2069,2042,2033,2137,1876,1906,1949,1945,1777,1916,2096,1684,2043,1840,2194,1879,1937,2075,1875,
686,2065,2160,1991,1903,1902,2055,2001,1898,
687,972,907,1218,1102,1184,1133,835,1132,1224,1252,804,1070,1221,1255,1219,1164,1006,908,864,1038,1256,1069,1196,1004,1152,
688,982,1276,986,1053,1332,951,1043,954,1020,1213,1306,1203,1235,1242,1106,1085,1214,1182,1012,1338,1305,
689,1526,1343,1278,1460,1704,2055,1675,2030,1999,1277,1765,1561,1439,1310,1176,1438,1955,2029,1795,1805,1240,1739,1270,1407,1564,2056,1427,1902,1806,1533,2054,
690,437,301,396,341,300,531,493,275,363,270,527,373,460,500,395,
691,289,290,387,420,256,
692,1195,937,874,870,930,1352,875,1134,1164,1259,1289,
693,293,168,487,307,79,11,592,530,275,344,45,358,619,458,534,325,622,561,425,41,490,103,242,
694,412,399,217,117,149,536,346,146,315,496,529,239,84,116,184,
695,1262,1486,1389,1170,1493,1462,1199,1522,1463,1455,1238,1172,1520,1388,1430,1229,1523,
696,1026,680,962,744,985,961,1090,742,679,990,881,771,711,714,1233,1513,1370,978,1111,712,682,1481,1392,1025,1448,1518,1186,1298,1349,1309,912,992,
697,489,715,716,918,1009,1006,1012,320,659,358,457,758,709,291,810,656,626,359,654,627,520,974,727,1008,875,289,456,321,
698,575,895,666,634,
699,1234,1006,1393,1925,1138,1122,1927,1000,1297,1074,1611,1701,1761,1583,1007,1092,1091,1486,1609,1003,
700,1848,1789,
701,277,571,529,570,275,572,601,348,633,600,528,635,279,444,629,497,307,477,337,306,
702,
703,178,139,116,141,171,
704,205,374,183,151,236,375,343,114,112,437,
705,603,383,1109,1044,980,1077,536,954,569,
706,353,198,357,356,166,99,66,69,101,68,
707,1098,1077,1393,1036,1258,1039,1362,1011,1038,1361,1045,1226,1238,1392,1067,1359,
708,2271,
709,1313,1638,1607,1349,1283,1318,1697,1284,1316,
710,1160,866,1288,1191,1096,1221,1257,1256,
711,1834,1552,1868,1808,1714,1518,1837,1671,1650,1745,1484,1838,1835,
712,1420,1606,1188,1323,1186,1292,1536,1577,1376,1249,1324,1327,1155,1487,1133,
713,2086,2054,2018,1985,2241,2242,1984,1957,2020,
714,1943,1753,
715,1567,8,1371,1337,1407,1598,1691,1406,1689,1687,1307,1654,1335,1438,1688,1503,1621,1655,
716,1226,949,1205,1046,916,1012,1015,1032,1160,1234,1142,1294,1258,1096,1006,913,914,
717,933,642,842,929,962,713,935,1000,840,934,
718,1105,1193,1036,1035,1328,1038,1235,1139,1298,1268,1358,1074,1171,1204,
719,685,812,488,642,875,837,589,871,844,736,813,718,814,717,801,938,705,935,
720,135,266,207,106,458,357,423,145,142,232,367,271,108,325,390,
721,353,417,385,257,258,
722,1382,1447,1445,1572,1539,1349,1185,1186,1632,1446,1509,1317,1413,
723,1198,1014,976,1265,1231,945,1111,981,949,1047,1007,1266,978,1175,1134,
724,1024,832,1061,804,896,768,648,962,
725,730,474,731,700,505,633,381,667,732,734,506,
726,268,49,103,230,1690,1876,264,1723,2011,1845,1813,1726,271,2012,1751,2041,1658,2009,1718,270,1782,1909,68,2008,1688,145,
727,1570,1670,1765,1571,1604,1766,1734,1536,1824,1795,
728,146,270,235,216,170,139,398,431,249,372,150,138,532,377,314,54,282,118,208,281,278,
729,238,1159,730,1191,902,169,834,440,202,1190,664,442,1189,41,697,734,968,732,535,767,837,415,871,472,137,437,272,377,733,21,136,764,766,204,731,
730,1366,1494,1300,1176,1278,1207,1147,1238,1470,1563,1499,1211,1720,1457,1364,1719,1658,1564,1177,1237,1400,1363,1690,1532,1367,1429,1343,1502,1584,1424,1394,1375,1682,1691,1396,1688,1212,1531,
731,280,79,16,237,120,87,336,53,303,142,369,405,206,78,141,271,375,270,23,
732,2202,1945,2239,2236,2009,2041,1886,2169,2170,2072,2138,1913,2204,
733,764,639,689,853,854,826,625,501,734,722,658,787,690,824,669,858,
734,1269,1175,1335,1112,1370,1180,1206,1338,1145,1179,1174,1369,
735,2062,1899,1961,2094,2122,2126,
736,
737,420,1520,545,1583,1460,513,1462,674,1496,1784,1813,424,1458,1844,589,739,1551,1561,1459,1489,1744,1582,452,609,1777,359,1776,684,622,1752,686,421,1427,774,
738,2137,1880,2108,1849,2173,2169,2142,2103,
739,1054,922,986,
740,441,638,470,561,541,637,563,757,474,690,658,724,440,790,792,
741,1648,1769,1477,1709,1771,1353,1455,1414,1741,1616,1710,1446,1739,1584,1735,1552,1770,
742,841,1195,900,1037,1192,1091,1164,908,839,1102,1224,940,875,1163,1132,930,1155,941,974,907,1194,868,869,
743,1904,2073,2041,1976,2191,2259,1935,2198,2040,2125,1873,1903,2093,2224,2199,1872,2229,2104,2126,2228,
744,356,256,289,224,326,161,131,327,134,
745,2058,2026,1956,2283,1954,2155,2091,1858,2027,1986,1963,1863,
746,970,902,1099,939,771,999,910,585,1230,1067,614,706,881,846,979,583,1047,845,940,967,1198,946,619,868,1202,936,971,618,782,969,1263,738,900,584,1066,
747,672,768,576,641,704,
748,296,485,512,102,487,199,98,99,486,392,360,
749,667,763,831,825,830,860,797,857,510,511,507,508,475,542,
750,1111,2027,2250,1984,891,1960,1209,2188,1928,983,1953,2026,1954,1047,1246,1244,1243,1925,894,1275,2091,861,1926,1927,2220,2219,892,
751,538,214,466,381,596,533,317,499,284,530,218,217,246,245,413,274,539,215,402,370,467,602,250,216,
752,966,1129,777,840,1166,1164,903,912,1096,913,1134,1095,1040,880,998,1135,934,1162,1133,780,1031,807,1130,
753,1207,1436,1341,1206,1174,1373,1277,1175,1496,1495,1309,1396,1210,1331,1529,1276,1498,1429,
754,943,880,1107,939,1207,813,1201,854,1144,971,1168,985,785,1069,782,
755,802,1034,1160,837,1184,870,896,1252,
756,1430,1394,1306,1202,1203,1208,1171,1429,1400,1297,1241,1330,
757,361,69,418,451,234,96,97,298,39,384,266,129,453,137,104,385,160,422,
758,150,817,754,86,728,730,956,213,988,987,343,724,756,212,828,795,383,1045,28,375,1050,861,377,382,1079,693,376,1046,726,350,409,1019,379,342,56,
759,830,730,947,762,978,950,729,913,979,755,656,699,957,793,1044,597,988,888,946,
760,1971,2065,
761,994,896,1122,864,929,1185,1090,1216,1059,
762,1832,2054,1996,1858,1606,2144,2114,1960,1762,1616,1545,2023,1547,1928,1703,1992,1800,1795,1583,1896,1865,1810,1826,1648,1892,1957,1966,1857,1637,1873,
763,2074,1884,2235,2203,2168,2236,1916,1887,2009,2238,1917,2010,
764,521,238,136,198,259,228,261,138,430,172,204,494,303,522,
765,1768,2025,1743,1938,1969,1874,1738,1959,2002,1709,1960,1678,2026,1799,1992,1712,2061,1744,1907,1711,1831,
766,1445,1638,1285,1315,1677,995,1321,1540,1444,1316,1313,1704,1254,1062,1706,1351,1312,1352,1703,960,1708,1344,1314,1383,1355,1709,1636,1446,1029,1391,1414,
767,1211,1394,1275,1013,1274,1231,1042,1048,1081,1305,1012,1328,1146,1400,1299,1178,
768,1848,2166,1845,1844,2101,1819,1982,1939,2172,2067,2200,1853,2005,1876,1878,2143,1854,2174,1970,2168,1814,1940,1877,2111,1815,2131,2133,2100,1851,1910,2201,1917,1875,2171,2235,2132,1817,2203,1846,2167,
769,938,1223,1098,904,1159,1252,
770,469,695,142,431,788,717,79,370,332,685,77,436,758,463,433,373,503,470,203,51,239,464,468,727,118,313,19,494,341,279,759,155,398,400,750,589,434,188,785,501,663,
771,1991,1771,1706,1640,1739,1672,1960,1573,1835,1986,1673,1831,
772,1225,937,1200,1011,1075,977,1064,1255,1063,1042,
773,643,626,485,778,709,497,579,529,710,676,750,425,722,424,427,549,547,779,743,753,395,460,721,562,
774,257,2,96,322,520,235,103,388,365,43,4,169,333,64,101,332,173,42,
775,495,778,430,463,743,593,777,678,462,626,625,742,518,811,782,710,519,808,
776,1341,1020,1021,1019,1054,1112,1241,1307,1309,1049,990,
777,32,390,72,559,331,269,588,420,335,433,3,589,
778,488,242,169,268,390,271,386,711,72,40,741,234,149,
779,1802,2125,2245,2189,1934,2016,1799,2248,2061,1830,1836,2278,2126,1922,2063,
780,1682,1618,1957,1521,1451,2017,1554,1586,1805,1449,1769,1448,1776,1555,1824,1703,1543,1505,2016,1856,1713,1455,1927,
781,580,517,514,321,259,454,549,641,
782,730,600,447,568,764,412,569,443,696,
783,494,108,136,168,455,424,401,325,400,357,337,488,137,391,306,464,
784,904,1284,1226,870,1001,1255,1257,1249,1098,
785,725,727,603,301,343,665,691,635,853,824,636,347,427,396,851,588,540,697,235,331,315,119,53,
786,
787,263,193,226,328,392,264,577,576,457,579,297,610,228,609,551,
788,1548,1570,1482,1581,1772,1645,1516,1633,1741,1549,1612,1515,1646,1799,1509,1514,1478,1740,1634,1709,1479,1831,1763,
789,2035,2103,1878,1880,
790,550,576,291,581,609,294,488,359,456,610,614,
791,1336,1015,1103,1335,1361,1296,1365,1241,1179,1140,1049,1081,1167,1013,1330,1211,1048,1332,
792,1671,1963,1928,1934,1578,1797,1831,1712,1702,1581,1680,1777,1681,1809,1930,1931,
793,375,439,541,343,511,504,247,311,
794,510,155,507,184,158,374,407,479,191,375,
795,518,485,549,613,387,354,614,452,419,484,644,384,
796,1855,1844,1748,1726,1625,1910,1919,2042,1791,1780,1758,1693,1909,1810,1661,1684,1658,
797,1197,1040,877,1646,1030,1327,1061,1248,904,1166,1761,1741,
798,888,1306,920,1077,1042,1329,1180,1014,1147,891,1428,1303,1370,1308,1173,1104,1430,1429,1362,1080,1431,1045,1172,1278,1140,1361,889,1395,
799,1898,1935,1682,1873,1545,1582,1640,1671,1934,1546,1576,1872,1933,1832,1583,1581,1735,1931,1715,1811,
800,1573,1647,1867,1669,1864,1548,1605,1896,1898,1547,1806,1581,1731,1863,1775,1582,
801,1666,1414,1573,1696,1346,1413,1638,1670,1344,1478,1446,
802,1319,1511,1611,1351,1457,1412,1578,1550,1332,1523,1489,1361,1226,1397,1299,1614,1257,1160,1230,1190,1415,1198,1264,1510,1315,1364,
803,1763,1766,2026,2182,2180,1764,1994,1732,2025,2144,2212,2088,2112,2089,2056,1865,1898,2146,2181,1735,
804,479,447,510,506,415,318,351,508,509,440,
805,1887,1590,1715,1564,1779,1811,1565,1975,1591,1844,2011,1983,1597,1915,1913,1599,
806,692,1008,954,752,1075,794,721,891,1078,922,728,760,693,695,858,827,784,879,722,
807,976,845,1037,
808,2055,1990,2150,1888,2209,2180,1991,
809,1324,1419,1420,1388,1256,
810,1137,1386,1136,1239,1499,1848,1880,1401,1272,1337,1770,1943,1167,1105,1738,1402,1869,1260,1108,1497,2099,1675,1968,1106,1165,1707,
811,2176,2145,2054,2086,1862,2117,1894,2023,2147,
812,1617,1267,1424,1389,1513,1522,1544,1550,1453,1422,1335,1419,1586,1388,1608,1302,1705,1714,1266,1619,1587,1451,1557,1588,1736,1615,1618,1455,1457,1452,1640,1325,
813,729,759,496,408,473,689,465,442,528,464,756,437,406,407,506,666,624,475,497,
814,1003,1266,1004,1233,1483,1121,1316,1137,1032,1267,1002,1090,1072,1153,1104,1028,1282,1265,1359,1026,1358,1351,
815,1458,1395,1068,1226,1040,1061,93,835,779,834,1141,318,276,376,127,1074,1258,341,316,1037,1070,1362,375,191,1100,994,285,1206,1130,146,190,813,254,1075,1108,1071,51,1093,1038,742,1062,868,1006,782,378,19,899,1322,21,342,
816,1015,1016,1108,1082,1146,
817,362,677,650,463,386,682,680,578,710,481,495,450,267,513,428,461,300,
818,1273,1077,1274,1550,949,1215,1591,1584,1620,1325,1302,1214,1518,1622,1272,894,1530,859,1240,
819,1747,1624,1597,1625,1564,1916,1823,1661,1974,1727,1684,2008,1977,1791,1917,1627,1622,1975,
820,1592,1692,1307,1337,1311,1399,1305,1691,1431,1657,1661,1693,
821,991,1990,1989,1827,859,922,1935,1964,1182,1212,1240,1141,1643,1671,1183,1043,857,1023,1924,1274,1997,1213,1242,888,1076,2022,919,1273,892,889,1731,1055,1700,1709,1173,981,950,1640,1795,1108,
822,1965,1424,1591,1609,1520,1618,1493,1543,1636,1428,1876,1525,1890,1809,1486,1487,2021,1574,1937,1801,1899,1553,1425,
823,1234,721,555,1394,753,1383,1518,653,1351,1455,719,460,1166,429,1329,588,1233,620,1424,369,1254,461,722,371,368,556,1516,1131,1297,493,1255,686,471,438,
824,1622,1914,1947,1885,1818,1906,1590,1849,1842,1720,1745,1626,1623,1746,1567,1915,1916,1753,1882,1713,1692,1625,1918,1682,1853,1905,1850,1689,1884,1976,1946,1624,1565,1939,1658,1822,1852,1948,1917,1627,
825,10,11,40,230,112,145,334,48,103,272,13,71,363,9,361,
826,1419,1465,1612,1588,1110,1244,1547,1180,1363,1356,1450,1418,1493,1579,1396,1295,1078,1648,
827,929,1026,1188,1120,1057,
828,571,797,603,478,
829,1468,1437,1375,1115,1114,1174,1268,1338,1469,1081,1242,1397,1431,1210,1466,1276,1142,1306,1497,1241,1206,1274,1236,1464,1534,1182,1215,1214,1533,1273,
830,1865,1674,1771,1603,1990,1672,1602,1856,1770,1706,
831,1295,1626,1694,1684,1745,1308,1693,1452,1420,1678,1939,
832,1394,1432,1366,1657,1748,1456,1497,1530,1750,1464,1751,1648,1752,1397,1778,1615,1498,1713,1520,
833,1854,1853,1849,1592,1750,1884,1622,1535,1885,1751,1881,1816,
834,595,783,564,922,767,538,566,784,
835,664,375,632,312,350,669,319,
836,1162,1201,1200,144,1014,1401,660,894,781,1400,1399,1077,1046,1015,1164,403,898,1370,
837,1442,1092,1062,1294,1383,1352,1126,1445,1319,1295,1323,1357,1071,1252,1472,1253,1255,1168,1413,1063,1475,1002,1124,1159,1191,1356,1031,1388,1385,1091,1287,1123,1324,1443,1353,
838,1573,1416,964,963,1774,1605,1637,1063,1742,1062,1574,1455,931,1616,1419,1313,1479,1420,1386,1773,1486,1617,1771,1509,1453,
839,1944,2164,2072,1879,2134,1838,1812,2102,2008,2094,2162,1996,2061,2071,1933,2127,2093,1846,
840,825,571,894,763,727,510,826,477,793,861,859,537,792,663,602,759,
841,1802,1845,1547,1420,1516,1591,1424,1904,1903,1906,1737,1839,1610,1704,1872,1426,1423,
842,2219,2197,1939,2058,2286,1971,2101,1966,2288,2251,1904,1936,1965,2220,2292,1935,2229,
843,1151,1115,1467,1176,1503,
844,400,340,47,196,432,181,149,296,370,372,297,75,277,399,225,230,13,398,165,84,137,331,513,364,401,402,330,308,433,49,48,329,232,82,162,298,425,
845,1235,1155,1357,1106,1074,1168,997,1329,1096,1352,1139,1360,1358,999,
846,811,658,717,689,726,908,725,918,758,764,942,919,796,627,876,921,626,765,759,891,601,625,785,655,659,733,602,883,684,817,716,920,693,669,950,624,885,
847,1654,678,1772,714,1970,1647,330,1869,391,358,420,2001,1646,710,1678,1971,1973,645,1967,1934,1804,745,715,1935,580,684,1972,360,484,622,654,1583,559,
848,1396,1429,1682,1686,1496,1398,1462,
849,1114,884,1116,854,917,702,791,990,1081,695,667,727,666,763,734,698,982,1054,886,
850,774,869,867,898,
851,2105,2133,2030,1940,2068,2199,2166,2063,2091,2093,2231,2094,2089,2062,2064,2102,2096,2249,2099,2098,2034,2295,2263,2135,
852,1264,1388,937,1007,1124,1352,1136,1201,1005,1008,1320,1232,1221,999,1125,967,1353,1040,972,1028,1358,1039,1249,872,871,1160,1570,969,970,1250,1537,1476,1001,
853,812,564,914,759,885,1316,560,559,1229,1477,562,1223,1511,1476,592,913,779,822,716,1227,1391,876,946,653,1487,1486,1478,1422,1577,909,1253,823,748,917,1254,1547,1455,590,1295,911,1518,
854,2258,2042,2264,2294,2290,1877,2170,1944,2106,1966,1977,1905,2257,1937,2107,1911,2296,2137,1906,2265,1908,1936,2159,
855,937,834,871,615,672,645,310,936,934,582,371,54,611,932,683,174,237,16,311,807,341,396,305,86,900,340,397,173,
856,1270,1368,1584,1619,1302,1400,1267,1389,1586,1295,1303,
857,1616,1685,1267,1686,1327,1654,1296,1562,1688,1336,1337,1390,1271,1502,1651,1359,1656,1434,1531,1358,1586,1402,1340,1421,1655,1423,
858,228,160,161,294,327,453,484,165,421,195,485,
859,509,533,127,565,345,467,314,413,567,507,569,
860,326,262,133,67,68,230,389,357,420,165,65,
861,1748,1710,1844,1906,1742,1648,1781,1717,
862,907,1097,1096,969,1044,1227,1109,1033,1042,909,876,912,877,1001,1203,881,979,1065,945,939,
863,1816,1875,1692,1809,1466,1842,1661,1499,1502,1852,1750,1557,1944,1782,1744,1594,1757,1682,1527,1627,1817,1843,1749,1593,1788,1914,1559,1713,1589,1759,1586,
864,174,1261,1033,1232,376,286,51,287,147,255,1233,119,1129,1109,380,947,338,1044,248,379,937,939,399,317,80,280,349,344,205,309,92,908,155,121,913,881,86,301,1227,50,217,946,1002,1234,58,116,310,184,
865,1679,1971,1939,1779,1707,1677,2061,1710,1678,1713,1970,1959,1908,1875,2035,1876,
866,606,605,312,596,414,669,511,668,638,313,563,405,694,542,446,607,342,436,663,379,699,728,380,479,435,478,629,468,373,575,347,661,372,
867,303,659,661,626,570,538,430,631,279,244,302,507,506,569,442,559,
868,227,106,160,258,
869,2261,2284,2159,2200,2098,
870,1678,1679,1650,1775,1522,1376,1575,1521,1772,1255,1422,1326,1504,1637,1668,1682,1740,1705,1292,1773,1672,1408,
871,907,1137,969,968,1001,1063,1159,1074,1007,1008,938,1062,999,910,906,
872,1557,1780,1367,1332,1553,1402,1503,1397,1490,1300,1597,1585,1310,1459,1649,1786,
873,1295,1705,1005,1072,1033,1383,1355,1389,1358,1351,1232,1672,1413,1006,1422,1222,1001,1322,1168,1706,1063,1671,1359,1158,1390,1423,1477,1296,1071,1678,1039,1321,1564,1720,1455,1233,1136,1647,1356,1572,1353,1737,
874,1645,1546,1678,1544,1771,1800,1638,1702,1612,1709,
875,1800,2115,1810,1548,1999,1748,1900,1865,1842,1986,1780,2153,2019,1933,1585,1799,1802,1866,1672,2116,1641,1966,1836,1899,2061,1714,1684,1872,1901,2124,1704,1905,2091,1715,
876,1985,2017,1216,2274,
877,1230,1228,1229,1167,1227,1162,
878,363,343,527,461,210,562,533,559,492,239,246,395,374,310,207,278,471,268,439,279,
879,1012,893,855,1208,1209,926,888,1109,1143,1213,894,
880,971,1056,1192,872,1098,1155,1190,841,806,906,1122,866,1036,836,1003,960,873,907,
881,62,412,153,185,121,154,217,123,60,414,314,89,122,
882,1925,1856,1670,1923,1665,1888,
883,688,
884,859,815,878,986,722,976,754,1045,691,858,826,954,693,724,1802,1680,1450,1721,1775,1754,1806,1786,1905,1657,
885,1338,1274,1304,1246,1599,1275,1335,1597,1528,1245,1277,1566,1367,
886,1977,1913,1651,1683,1713,1818,1946,2034,1649,2039,1685,1655,1753,2000,1712,1684,1806,1720,2037,
887,2276,1959,1921,2216,2248,2057,1922,2016,2279,2241,2275,1984,1923,2090,1958,1954,
888,1149,948,1275,1304,921,1277,924,888,890,1107,1150,923,1204,1011,1303,955,1238,1269,1236,1182,1074,956,917,1055,918,
889,1004,1171,1517,939,1120,1138,1376,1072,1575,1806,1704,1089,1840,934,1102,1034,1486,1222,1333,1203,
890,1041,752,783,1043,692,724,688,793,1007,726,658,814,
891,1328,1326,1676,1712,1714,1461,1514,1358,1590,1578,1419,1713,1546,1545,1683,1387,1483,1677,1395,1327,
892,1780,1810,1545,1587,1673,1652,1803,1555,1578,1518,1685,1836,1516,1806,1484,1523,
893,621,309,275,656,534,687,301,503,555,273,659,277,267,619,471,456,393,626,361,
894,911,1347,977,1107,1357,744,1328,1075,1327,1011,877,1350,1141,1355,706,1351,775,1356,1009,1317,
895,1100,1133,913,1878,1875,1016,952,1614,1523,1848,1656,1838,1236,912,1720,1905,911,884,1143,916,1615,1583,1840,1909,1872,1206,1677,880,1816,950,917,1582,1101,1874,973,943,1174,1266,1688,1559,1036,1264,1557,
896,678,293,450,264,617,397,620,332,417,677,493,481,680,578,494,
897,184,479,374,511,472,507,407,154,478,155,122,124,375,
898,1931,1904,1645,1962,1674,1842,1930,1832,1705,1965,1676,1967,1801,1864,1934,1777,
899,
900,1852,1916,1713,1689,1653,1683,2196,1684,1681,2166,1884,1807,2046,1652,1871,1650,1903,1754,1682,1744,1622,1819,1753,1853,
901,1601,1602,1541,1697,1600,1251,1665,
902,388,40,355,431,226,162,73,357,101,177,46,209,272,325,336,
903,1576,1584,1579,1359,1357,1260,1643,1355,1578,1551,1224,1445,1549,1477,1254,1616,
904,941,1099,1261,1100,1225,1045,1163,973,1047,1204,885,1234,1296,916,1235,972,1265,1297,910,907,940,881,1076,1195,1237,942,1197,911,
905,1198,1083,1401,1017,1018,913,1362,1339,1200,1393,1295,1137,1262,1369,1038,1330,914,1394,
906,750,751,842,548,490,492,807,491,719,623,545,489,844,843,673,687,841,655,559,707,812,840,455,772,874,
907,445,281,249,345,217,314,444,
908,578,608,706,482,900,641,448,193,930,
909,312,223,54,307,243,283,
910,894,922,1144,1276,1278,1209,951,980,1137,1051,1436,1437,1016,1048,1243,1266,985,1402,1168,1244,1054,
911,517,576,832,546,609,867,705,871,738,
912,504,372,
913,1413,1477,1412,1511,1670,1510,1479,1638,
914,730,470,312,316,598,407,700,631,671,469,639,698,
915,755,724,465,557,654,588,589,467,750,630,752,
916,2077,1911,1977,2235,2129,2093,1976,2030,1966,1874,2231,1944,2226,2137,1940,2259,2009,2061,2033,2204,2296,
917,1075,1173,991,730,979,1363,1077,1238,861,540,1206,1334,1329,1078,1006,1012,1103,1084,860,1176,790,884,958,859,1045,1262,1035,1146,1321,926,699,762,1007,1054,959,1144,1076,
918,1743,1709,1799,1810,2063,1767,1676,1710,1808,1744,2059,1776,2057,1841,
919,1340,1276,1531,1278,1566,1277,1435,1370,1306,1533,1339,1530,
920,1196,1349,1295,1360,1516,1263,1424,1518,1517,1255,1228,1455,1193,1261,
921,1578,1577,1779,1584,1966,1930,1550,1874,1585,1904,1934,1767,1873,1549,1546,1735,1639,1964,
922,999,1184,1156,1056,1120,
923,1447,1351,1068,967,832,1281,1162,1065,1230,1418,1420,1001,997,
924,970,741,1025,683,715,844,709,552,650,962,1026,964,
925,2247,2184,2023,2153,1922,1954,1991,1989,1990,1953,2022,
926,1408,1252,1409,1285,1410,1610,1865,2255,1866,2017,1894,1895,1090,1861,1703,1291,1863,1999,1867,1901,1734,1925,
927,547,524,390,647,452,362,548,493,358,617,
928,408,344,245,439,77,212,455,146,559,532,148,594,490,563,488,182,198,202,246,
929,215,280,344,248,176,368,178,182,
930,344,631,376,791,342,336,559,307,464,402,309,536,569,373,661,431,761,374,
931,1808,1553,1934,2290,1526,2159,1564,1616,1529,1493,
932,455,454,519,422,390,643,642,289,321,673,487,323,
933,596,946,846,877,914,915,651,791,595,663,652,630,561,918,715,653,944,910,879,845,562,844,916,529,854,
934,
935,1404,1368,1208,1246,1214,1180,1181,1373,
936,1718,1780,1950,1726,2039,1974,1627,1659,2043,1686,1811,1908,1625,1758,1748,1657,2011,2041,2014,1624,2042,2038,1791,1717,
937,422,364,486,361,656,365,645,496,362,655,717,398,528,710,
938,401,245,531,349,307,413,412,497,498,338,275,465,539,569,282,283,599,
939,1638,1701,1381,1669,1415,1382,1575,1280,1639,
940,401,442,210,241,152,412,251,179,219,209,116,240,347,177,155,
941,739,708,841,873,801,966,769,711,777,935,904,
942,1676,1959,1600,1824,1834,1827,1836,1610,1794,1897,1538,1543,1632,1926,1741,1892,1772,1729,
943,464,402,431,115,468,302,496,469,400,368,408,470,500,144,120,249,435,282,1975,
944,409,337,378,401,280,276,313,433,504,473,498,
945,1731,1701,1696,1446,1543,1728,1412,
946,989,696,669,670,991,1021,665,822,668,790,
947,1449,1572,1774,1187,1353,1259,776,1254,1221,1808,2066,1796,1134,1416,1121,
948,42,714,594,140,680,687,591,709,582,463,356,656,
949,711,621,614,550,581,524,518,557,
950,646,774,642,640,672,
951,149,143,181,174,205,246,332,146,363,497,407,175,112,406,148,498,173,
952,
953,304,276,137,12,245,336,107,183,302,267,203,301,275,202,236,87,170,
954,1126,1321,1328,1357,1038,1006,1327,1382,1421,1360,1449,1266,1157,1170,1355,1420,1158,1233,1063,1297,
955,405,335,433,470,115,216,283,606,575,600,639,303,465,281,218,469,503,468,84,635,665,533,147,116,407,285,500,302,668,440,176,271,406,287,
956,747,815,749,783,1197,
957,903,823,774,945,752,817,1138,749,685,788,849,1065,999,902,912,775,967,683,1144,943,944,1082,1032,927,1139,1181,856,882,914,1040,
958,1177,1242,1183,1241,1276,1118,1150,1085,
959,1168,1248,1492,1478,1606,1551,1641,1517,1601,1519,1933,1549,1552,1136,1291,1203,1899,1683,1900,1416,1571,1801,1935,1577,1635,1366,1198,1632,1608,1600,1462,1238,1493,1228,1579,1800,1873,1317,1270,
960,510,476,506,671,
961,1990,1894,2053,1861,2179,2116,
962,538,601,793,859,891,926,728,572,602,925,540,665,729,
963,1695,1440,1812,1912,1476,1588,1159,1913,1320,1449,1445,1885,1714,1531,1575,1222,1288,1527,1385,1414,1574,1352,1125,1089,1791,1570,1910,1384,1569,
964,624,851,626,275,857,532,817,886,539,438,850,501,617,816,625,503,572,887,919,339,240,656,751,701,571,604,502,437,669,733,264,237,687,405,538,637,688,
965,1905,2033,2170,1970,2067,1852,1937,2014,2109,
966,299,524,483,238,260,461,41,295,9,493,228,494,175,583,291,76,581,239,262,263,42,234,196,70,99,525,482,303,492,232,334,229,230,269,365,296,297,197,292,101,
967,401,310,689,666,343,308,432,601,658,657,691,370,528,342,442,377,341,311,
968,1357,1489,1617,1522,1774,1680,1356,1388,1386,1649,1682,1521,1425,1353,1553,1672,1639,1681,1360,
969,1772,1387,1700,1506,1385,1733,1384,1476,1382,1602,1412,1414,1352,1766,1604,
970,315,213,539,216,476,535,568,273,380,217,565,567,
971,1768,1808,1897,1841,1896,1647,1674,
972,1905,1972,1959,1971,2218,2219,
973,1169,1387,1420,1198,1430,1172,1259,1335,1135,1487,1291,1167,1203,1519,
974,1413,1472,1038,1255,1332,1475,1130,1445,1294,1301,1414,1319,1286,1325,1164,1381,1189,1010,1238,1069,1188,1078,1326,1359,1142,
975,447,410,446,253,478,
976,1817,1947,1873,2137,2104,2136,1816,2001,2199,1850,2168,2133,1967,1840,
977,1992,1802,1729,2023,1706,1834,1930,1698,1953,2020,1899,1963,1920,2021,1770,1639,2025,1986,1772,1888,1987,
978,532,597,631,561,857,564,815,687,566,624,980,913,825,949,793,729,751,
979,661,793,630,822,855,723,660,729,762,
980,1297,981,1037,1164,1014,982,1015,1046,1229,1104,1012,1230,1079,
981,262,208,557,465,173,369,294,172,141,522,423,433,370,495,
982,864,867,549,550,681,866,648,898,712,513,680,516,
983,1209,1242,1044,1135,1072,1200,1147,1272,1136,1266,1296,1043,977,950,1211,948,1040,
984,469,269,301,498,343,118,2016,1704,268,2018,431,2054,112,1866,183,375,1802,437,1834,439,1736,333,1698,499,1867,174,80,467,151,2055,1994,1961,1929,2025,1768,280,1930,1801,
985,1245,1271,1278,1493,1209,1535,1210,1279,1301,1242,1593,1240,1563,1566,1247,1366,1430,1212,1246,
986,2033,1971,1911,2295,2237,2260,2194,2203,2234,1980,2001,2293,2226,
987,104,35,1,359,
988,724,723,912,1011,754,824,793,
989,11,117,54,
990,1239,1373,1362,1502,1702,1457,1734,1242,1241,1237,1268,1406,1299,1701,1490,1437,1458,1310,1394,1666,1561,1340,1633,1469,1276,1209,1470,1459,
991,1387,1420,1582,1410,1413,1646,1415,1761,1614,1866,1485,
992,827,694,475,799,505,795,796,825,759,511,504,
993,1979,1849,1978,1855,
994,1392,1584,1681,1335,1688,1750,1563,1363,1424,1594,1716,1465,1364,1682,1394,1466,1520,1393,
995,1208,1430,1215,1567,1875,1565,1301,1211,1564,1334,1212,1302,1527,
996,1623,1652,1156,1680,1478,1367,1025,1168,1071,1578,1303,1655,1612,1613,1685,1399,1683,
997,1309,1310,1273,913,1016,1463,1214,1246,1432,1117,1430,1198,1202,1210,880,1074,1397,1341,914,1178,
998,1410,1442,1184,1284,1217,1251,1378,1188,
999,1528,949,1712,1396,950,1015,887,1117,1086,1432,1519,792,1614,1679,760,761,1750,763,1749,1625,1561,762,855,1114,1430,1751,767,1518,799,1747,
1000,1393,1616,1781,1773,1462,1648,1778,1627,1461,1491,1548,
